ingredient,fdc_id,description,Protein,Total lipid (fat),"Fatty acids, total saturated",Cholesterol,"Carbohydrate, by difference","Sodium, Na","Fiber, total dietary","Sugars, added","Vitamin A, RAE","Vitamin C, total ascorbic acid","Calcium, Ca","Iron, Fe",Vitamin D (D2 + D3),Vitamin E (alpha-tocopherol),Vitamin K (phylloquinone),Thiamin,Riboflavin,Niacin,Vitamin B-6,"Folate, DFE",Vitamin B-12,Biotin,Pantothenic acid,"Phosphorus, P","Iodine, I","Magnesium, Mg","Zinc, Zn","Selenium, Se","Copper, Cu","Manganese, Mn","Chromium, Cr","Molybdenum, Mo","Chloride, Cl","Potassium, K","Choline, total"
almond,2346393,"Nuts, almonds, whole, raw",42.9,65.5,18.93,0.0,7.29,0.0,38.5,0.0,0,0.0,19.51,20.78,0,0.0,0,13.38,0.0,23.56,5.93,0,0,0,0.0,40.23,0,61.33,26.05,0,101.16,93.43,0,0,0,15.59,0.0
amaretto,2710623,Liqueur,0.0,0.14,0.0,0.0,12.07,0.04,0.0,0.0,0,0.0,0.0,0.22,0,0.0,0,0.33,0.69,0.05,0.06,0,0,0,0.0,0.24,0,0.0,0.27,0,1.78,0.0,0,0,0,0.04,0.0
anchovy,2706232,"Fish, anchovy",57.8,12.45,11.0,28.33,0.0,159.57,0.0,0.0,0,0.0,17.85,25.72,0,22.2,0,6.5,27.92,124.37,11.94,0,0,0,0.0,20.16,0,16.43,22.18,0,37.67,0.0,0,0,0,11.57,15.45
anise,171316,"Spices, anise seed",35.2,20.38,2.93,0.0,18.19,0.7,52.14,0.0,0,23.33,49.69,205.33,0,0.0,0,28.33,22.31,19.12,38.24,0,0,0,15.94,35.2,0,40.48,48.18,0,101.11,100.0,0,0,0,30.66,0.0
apple,2709215,"Apple, raw",0.34,0.19,0.14,0.0,5.38,0.0,7.5,0.0,0,5.11,0.38,0.17,0,1.2,0,0.83,5.38,0.57,1.76,0,0,0,0.0,0.72,0,1.19,0.18,0,3.33,0.0,0,0,0,2.21,0.62
apple juice,2709320,"Apple juice, 100%",0.18,0.32,0.11,0.0,4.11,0.22,0.71,0.0,0,42.89,0.54,0.33,0,0.07,0,0.42,1.31,0.16,0.88,0,0,0,0.0,0.48,0,1.19,0.0,0,0.56,0.0,0,0,0,2.06,0.33
apricot,2709221,"Apricot, raw",2.8,0.5,0.14,0.0,4.04,0.04,7.14,0.0,0,11.11,1.0,2.17,0,5.93,0,2.5,3.08,3.75,3.18,0,0,0,0.0,1.84,0,2.38,1.82,0,8.67,0.0,0,0,0,5.51,0.51
artichoke,169205,"Artichokes, (globe or french), raw",6.54,0.19,0.18,0.0,3.82,4.09,19.29,0.0,0,13.0,3.38,7.11,0,1.27,0,6.0,5.08,6.54,6.82,0,0,0,6.76,7.2,0,14.29,4.45,0,25.67,11.13,0,0,0,7.87,6.25
arugula,169387,"Arugula, raw",5.16,0.85,0.43,0.0,1.33,1.17,5.71,0.0,0,16.67,12.31,8.11,0,2.87,0,3.67,6.62,1.91,4.29,0,0,0,8.74,4.16,0,11.19,4.27,0,8.44,13.96,0,0,0,7.85,2.78
asian pear,168177,"Pears, asian, raw",1.0,0.29,0.06,0.0,3.87,0.0,12.86,0.0,0,4.22,0.31,0.0,0,0.8,0,0.75,0.77,1.37,1.29,0,0,0,1.4,0.88,0,1.9,0.18,0,5.56,2.61,0,0,0,2.57,0.93
asparagus,168389,"Asparagus, raw",4.4,0.15,0.2,0.0,1.41,0.09,7.5,0.0,0,6.22,1.85,11.89,0,7.53,0,11.92,10.85,6.11,5.35,0,0,0,5.48,4.16,0,3.33,4.91,0,21.0,6.87,0,0,0,4.3,2.91
avocado,2710824,"Avocado, Hass, peeled, raw",3.62,26.04,0.0,0.0,3.03,0.0,0.0,0.0,0,0.0,1.11,3.41,0,0.0,0,0.0,0.0,0.0,9.85,0,0,0,0.0,3.39,0,7.81,4.18,0,31.66,8.55,0,0,0,12.26,0.0
bacon,172439,"Bacon, meatless",23.38,37.85,23.11,0.0,1.93,63.7,9.29,0.0,0,0.0,1.77,13.39,0,46.0,0,366.67,37.0,47.25,28.18,0,0,0,2.26,5.6,0,4.52,3.82,0,11.67,8.91,0,0,0,3.62,8.18
banana,173944,"Bananas, raw",2.18,0.42,0.56,0.0,8.31,0.04,9.29,0.0,0,9.67,0.38,1.44,0,0.67,0,2.58,5.62,4.16,21.59,0,0,0,6.68,1.76,0,6.43,1.36,0,8.67,11.74,0,0,0,7.62,1.78
barley,170284,"Barley, pearled, raw",19.82,1.49,1.22,0.0,28.26,0.39,55.71,0.0,0,0.0,2.23,13.89,0,0.13,0,15.92,8.77,28.78,15.29,0,0,0,5.64,17.68,0,18.81,19.36,0,46.67,57.48,0,0,0,5.96,6.87
basil,172232,"Basil, fresh",6.3,0.82,0.21,0.0,0.96,0.17,5.71,0.0,0,20.0,13.62,17.61,0,5.33,0,2.83,5.85,5.64,9.12,0,0,0,4.18,4.48,0,15.24,7.36,0,42.78,49.91,0,0,0,6.28,2.07
bass,171948,"Fish, bass, striped, raw",35.46,2.99,2.54,26.67,0.0,3.0,0.0,0.0,0,0.0,1.15,4.67,0,0.0,0,8.33,2.31,13.12,17.65,0,0,0,15.0,15.84,0,9.52,3.64,0,3.44,0.65,0,0,0,5.45,0.0
bean,2707347,"Beans, NFS",16.68,9.08,4.98,0.0,8.65,9.43,29.64,0.0,0,0.56,3.0,10.89,0,13.93,0,15.08,4.15,2.01,9.82,0,0,0,0.0,10.8,0,12.14,8.55,0,22.44,0.0,0,0,0,8.21,5.85
beef,2705822,"Beef, NFS",54.2,16.67,26.1,28.33,0.0,16.17,0.0,0.0,0,0.0,1.38,14.78,0,1.4,0,5.58,18.46,38.69,33.76,0,0,0,0.0,17.36,0,4.76,52.27,0,8.33,0.0,0,0,0,6.79,14.42
beef rib,168614,"Beef, rib, shortribs, separable lean only, choice, raw",38.1,13.06,21.65,19.67,0.15,2.83,0.0,0.0,0,0.0,0.62,12.0,0,0.0,0,7.83,11.85,21.32,22.94,0,0,0,6.4,15.2,0,5.24,43.45,0,7.67,0.61,0,0,0,7.6,0.0
beef shank,169441,"Beef, shank crosscuts, separable lean only, trimmed to 1/4"" fat, choice, raw",43.5,4.94,6.4,13.0,0.0,2.74,0.0,0.0,0,0.0,1.54,12.89,0,0.0,0,8.33,16.92,35.88,27.65,0,0,0,7.0,16.32,0,3.33,63.09,0,7.89,0.61,0,0,0,8.23,0.0
beef tenderloin,2727573,"Beef, tenderloin steak, raw",42.19,8.28,0.0,21.47,0.07,1.95,0.0,0.0,0,0.0,0.31,14.06,0,0.0,0,0.0,0.0,0.0,0.0,0,0,0,0.0,15.18,0,5.23,29.32,0,11.62,0.21,0,0,0,7.33,0.0
beer,168749,"Alcoholic beverage, beer, light",0.48,0.0,0.0,0.0,0.6,0.17,0.0,0.0,0,0.0,0.31,0.17,0,0.0,0,0.42,1.15,2.44,2.0,0,0,0,0.6,0.96,0,1.19,0.09,0,0.67,0.26,0,0,0,0.45,1.6
beet,169145,"Beets, raw",3.22,0.22,0.14,0.0,3.48,3.39,10.0,0.0,0,5.44,1.23,4.44,0,0.27,0,2.58,3.08,2.09,3.94,0,0,0,3.1,3.2,0,5.48,3.18,0,8.33,14.3,0,0,0,6.91,1.09
bell pepper,2258590,"Peppers, bell, red, raw",1.79,0.16,0.0,0.0,2.42,0.0,4.14,0.0,0,157.44,0.49,1.96,0,0.0,0,4.58,10.94,6.4,17.81,0,0,0,0.0,2.13,0,2.61,1.84,0,4.43,5.77,0,0,0,4.53,0.0
biscuit,2707801,"Biscuit, NFS",14.16,24.23,59.0,0.67,15.56,42.57,8.93,0.0,0,0.0,5.38,15.33,0,3.13,0,36.75,23.31,23.19,3.47,0,0,0,0.0,37.92,0,3.57,4.55,0,9.0,0.0,0,0,0,2.79,0.15
bitters,168393,"Balsam-pear (bitter gourd), pods, raw",2.0,0.22,0.0,0.0,1.35,0.22,10.0,0.0,0,93.33,1.46,2.39,0,0.0,0,3.33,3.08,2.5,2.53,0,0,0,4.24,2.48,0,4.05,7.27,0,3.78,3.87,0,0,0,6.3,0.0
blackberry,2727581,"Blackberries, raw",3.05,0.0,0.0,0.0,0.0,0.07,18.93,0.0,0,17.11,1.19,1.16,0,0.0,0,0.0,0.0,0.0,0.0,0,0,0,0.0,1.61,0,4.9,1.72,0,16.14,38.46,0,0,0,3.56,0.0
blue cheese,172175,"Cheese, blue",42.8,36.85,93.34,25.0,0.85,49.83,0.0,0.0,0,0.0,40.62,1.72,0,1.67,0,2.42,29.38,6.35,9.76,0,0,0,34.58,30.96,0,5.48,24.18,0,4.44,0.39,0,0,0,5.45,2.8
blueberry,2346411,"Blueberries, raw",1.41,0.39,0.0,0.0,5.3,0.0,0.0,0.0,0,8.95,0.9,1.89,0,0.0,0,0.0,0.0,0.0,0.0,0,0,0,0.0,1.04,0,1.47,0.78,0,5.12,18.38,0,0,0,1.82,0.0
bok choy,2685572,"Cabbage, bok choy, raw",2.05,0.3,0.0,0.0,1.28,0.62,4.5,0.0,0,33.67,4.76,2.44,0,0.0,0,0.0,0.0,0.0,0.0,0,0,0,0.0,2.44,0,3.25,2.49,0,3.06,8.53,0,0,0,4.85,0.0
bourbon,2710700,Whiskey,0.0,0.0,0.0,0.0,0.0,0.04,0.0,0.0,0,0.0,0.0,0.22,0,0.0,0,0.5,0.31,0.08,0.06,0,0,0,0.0,0.32,0,0.0,0.36,0,2.33,0.0,0,0,0,0.04,0.0
bran,2710839,"Sorghum bran, white, unenriched, dry, raw",22.34,11.87,0.0,0.0,24.98,0.13,124.82,0.0,0,0.0,4.74,78.94,0,0.0,0,46.36,0.0,154.06,24.02,0,0,0,0.0,41.37,0,65.12,40.0,0,93.42,165.48,0,0,0,18.12,0.0
brandy,2710699,Brandy,0.0,0.0,0.0,0.0,0.0,0.04,0.0,0.0,0,0.0,0.0,0.22,0,0.0,0,0.5,0.31,0.08,0.06,0,0,0,0.0,0.32,0,0.0,0.36,0,2.33,0.0,0,0,0,0.04,0.0
bread,2707598,"Bread, white",18.86,4.6,4.1,0.0,17.89,19.57,8.21,0.0,0,0.0,16.23,18.67,0,1.47,0,42.25,18.46,29.75,5.41,0,0,0,0.0,9.04,0,6.43,8.0,0,13.78,0.0,0,0,0,2.49,2.65
breadcrumbs,2290286,"BREADCRUMBS, ORIGINAL",0.0,0.0,0.0,0.0,0.0,0.0,0.0,0.0,0,0.0,0.0,0.0,0,0.0,0,0.0,0.0,0.0,0.0,0,0,0,0.0,0.0,0,0.0,0.0,0,0.0,0.0,0,0,0,0.0,0.0
brie,172177,"Cheese, brie",41.5,35.49,87.05,33.33,0.16,27.35,0.0,0.0,0,0.0,14.15,2.78,0,1.6,0,5.83,40.0,2.38,13.82,0,0,0,13.8,15.04,0,4.76,21.64,0,2.11,1.48,0,0,0,3.23,2.8
brine,2603108,BRINE CUCUMBERS,0.0,0.0,0.0,0.0,0.0,39.13,0.0,0.0,0,0.0,0.0,0.0,0,0.0,0,0.0,0.0,0.0,0.0,0,0,0,0.0,0.0,0,0.0,0.0,0,0.0,0.0,0,0,0,0.0,0.0
brisket,170199,"Beef, cured, corned beef, brisket, raw",29.36,19.1,23.65,18.0,0.05,52.91,0.0,0.0,0,30.0,0.54,9.39,0,0.0,0,3.58,12.08,22.88,17.06,0,0,0,11.4,9.36,0,3.33,25.91,0,12.22,0.87,0,0,0,6.32,0.0
broccoli,170379,"Broccoli, raw",5.64,0.47,0.57,0.0,2.41,1.43,9.29,0.0,0,99.11,3.62,4.06,0,5.2,0,5.92,9.0,3.99,10.29,0,0,0,11.46,5.28,0,5.0,3.73,0,5.44,9.13,0,0,0,6.72,3.4
broccoli rabe,170381,"Broccoli raab, raw",6.34,0.63,0.41,0.0,1.04,1.43,9.64,0.0,0,22.44,8.31,11.89,0,10.8,0,13.5,9.92,7.63,10.06,0,0,0,6.44,5.84,0,5.24,7.0,0,4.67,17.17,0,0,0,4.17,3.33
brown rice,2512380,"Rice, brown, long grain, unenriched, raw",14.51,4.24,0.0,0.0,27.89,0.0,10.79,0.0,0,0.0,0.62,6.9,0,0.0,0,27.19,7.88,39.19,9.45,0,0,0,0.0,24.22,0,27.38,16.85,0,29.54,117.22,0,0,0,5.32,0.0
brownie,172713,"Cookies, brownies, commercially prepared",9.6,20.9,21.18,5.67,23.24,12.43,7.5,0.0,0,0.0,2.23,12.5,0,1.0,0,21.25,16.15,10.76,2.06,0,0,0,10.94,8.08,0,7.38,6.55,0,24.89,5.57,0,0,0,3.17,1.82
brussel sprout,2685575,"Brussels sprouts, raw",7.97,0.72,0.0,0.0,3.5,1.12,17.09,0.0,0,158.78,2.97,4.06,0,0.0,0,0.0,0.0,0.0,0.0,0,0,0,0.0,6.28,0,5.95,3.33,0,4.27,10.43,0,0,0,10.14,0.0
buffalo,175293,"Bison, ground, grass-fed, raw",40.46,9.24,14.58,18.33,0.02,3.04,0.0,0.0,0,0.0,0.85,15.44,0,1.27,0,11.75,18.92,33.26,22.53,0,0,0,0.0,15.52,0,5.0,41.73,0,15.56,0.0,0,0,0,6.98,15.6
bulgur,2710820,"Bulgur, dry, raw",23.51,3.1,0.0,0.0,27.59,0.09,41.86,0.0,0,0.0,2.62,14.58,0,0.0,0,18.86,0.0,32.38,13.11,0,0,0,0.0,24.97,0,28.31,19.54,0,41.93,114.61,0,0,0,7.62,0.0
burrito,2708534,"Burrito, NFS",22.2,10.95,17.4,7.33,8.69,21.13,8.93,0.0,0,0.22,8.0,13.22,0,0.53,0,19.67,14.69,18.38,8.29,0,0,0,0.0,13.84,0,5.95,16.36,0,10.78,0.0,0,0,0,4.51,5.07
butter,789828,"Butter, stick, unsalted",0.0,104.49,0.0,78.0,0.0,0.43,0.0,0.0,0,0.0,1.08,0.17,0,0.0,0,0.0,0.0,0.0,0.0,0,0,0,0.0,1.52,0,0.38,0.64,0,0.11,0.0,0,0,0,0.4,0.0
buttermilk,2259792,"Buttermilk, low fat",6.93,1.39,2.76,1.6,1.75,4.02,0.0,0.0,0,0.0,9.24,0.07,0,0.0,0,4.04,15.1,0.8,2.31,0,0,0,0.0,7.38,0,2.63,3.88,0,0.15,0.0,0,0,0,3.36,0.0
butternut squash,2685570,"Squash, winter, butternut, raw",2.3,0.21,0.0,0.0,3.82,0.0,7.0,0.0,0,8.44,1.67,1.18,0,0.0,0,0.0,0.0,0.0,0.0,0,0,0,0.0,2.12,0,3.56,1.75,0,8.14,3.28,0,0,0,7.0,0.0
cabbage,2346407,"Cabbage, green, raw",1.92,0.29,0.0,0.0,2.32,0.7,0.0,0.0,0,44.82,3.22,0.37,0,0.0,0,0.0,0.0,0.0,8.14,0,0,0,0.0,2.15,0,3.3,1.92,0,0.0,10.78,0,0,0,4.41,0.0
calvados,2710699,Brandy,0.0,0.0,0.0,0.0,0.0,0.04,0.0,0.0,0,0.0,0.0,0.22,0,0.0,0,0.5,0.31,0.08,0.06,0,0,0,0.0,0.32,0,0.0,0.36,0,2.33,0.0,0,0,0,0.04,0.0
campari,2710623,Liqueur,0.0,0.14,0.0,0.0,12.07,0.04,0.0,0.0,0,0.0,0.0,0.22,0,0.0,0,0.33,0.69,0.05,0.06,0,0,0,0.0,0.24,0,0.0,0.27,0,1.78,0.0,0,0,0,0.04,0.0
candy,167974,"Candies, caramels",9.2,10.38,12.38,2.33,28.0,10.65,0.0,0.0,0,0.44,10.62,0.78,0,3.07,0,8.58,19.69,0.92,3.29,0,0,0,12.4,9.12,0,4.05,4.0,0,2.0,0.48,0,0,0,4.55,1.45
cantaloupe,169092,"Melons, cantaloupe, raw",1.68,0.24,0.25,0.0,2.97,0.7,3.21,0.0,0,40.78,0.69,1.17,0,0.33,0,3.42,1.46,4.59,4.24,0,0,0,2.1,1.2,0,2.86,1.64,0,4.56,1.78,0,0,0,5.68,1.38
capers,172238,"Capers, canned",4.72,1.1,1.17,0.0,1.78,102.09,11.43,0.0,0,4.78,3.08,9.28,0,5.87,0,1.5,10.69,4.08,1.35,0,0,0,0.54,0.8,0,7.86,2.91,0,41.56,3.39,0,0,0,0.85,1.18
caramel,167974,"Candies, caramels",9.2,10.38,12.38,2.33,28.0,10.65,0.0,0.0,0,0.44,10.62,0.78,0,3.07,0,8.58,19.69,0.92,3.29,0,0,0,12.4,9.12,0,4.05,4.0,0,2.0,0.48,0,0,0,4.55,1.45
caraway,173413,"Cheese, caraway",50.36,37.44,92.92,31.0,1.11,30.0,0.0,0.0,0,0.0,51.77,3.56,0,0.0,0,2.58,34.62,1.12,4.35,0,0,0,3.8,39.2,0,5.24,26.73,0,2.67,0.91,0,0,0,1.98,0.0
cardamom,170919,"Spices, cardamom",21.52,8.59,3.4,0.0,24.9,0.78,100.0,0.0,0,23.33,29.46,77.61,0,0.0,0,16.5,14.0,6.89,13.53,0,0,0,0.0,14.24,0,54.52,67.91,0,42.56,1217.39,0,0,0,23.81,0.0
carrot,2258586,"Carrots, mature, raw",1.88,0.45,0.0,0.0,3.73,3.77,11.05,0.0,0,0.0,2.34,0.84,0,0.0,0,5.42,7.31,8.79,8.56,0,0,0,0.0,3.18,0,2.96,2.15,0,6.83,5.66,0,0,0,5.95,0.0
cashew,2515374,"Nuts, cashew nuts, raw",34.88,49.82,0.0,0.0,13.2,0.21,14.66,0.0,0,0.0,3.23,33.27,0,0.0,0,0.0,0.0,0.0,0.0,0,0,0,0.0,42.58,0,59.67,46.1,0,246.44,84.74,0,0,0,13.58,0.0
cauliflower,2685573,"Cauliflower, raw",3.28,0.3,0.0,0.0,1.72,0.87,6.96,0.0,0,74.56,1.57,1.85,0,0.0,0,0.0,0.0,0.0,0.0,0,0,0,0.0,3.18,0,3.38,2.13,0,2.69,6.13,0,0,0,5.84,0.0
caviar,174188,"Fish, caviar, black and red, granular",49.2,22.95,20.3,196.0,1.45,65.22,0.0,0.0,0,0.0,21.15,66.0,0,12.6,0,15.83,47.69,0.75,18.82,0,0,0,70.0,28.48,0,71.43,8.64,0,12.22,2.17,0,0,0,3.85,89.25
celery,2346405,"Celery, raw",0.98,0.21,0.0,0.0,1.21,4.23,0.0,0.0,0,0.0,3.56,0.0,0,0.0,0,0.0,0.0,0.0,3.04,0,0,0,0.0,1.73,0,2.6,0.84,0,0.0,3.3,0,0,0,5.64,0.0
chambord,2710623,Liqueur,0.0,0.14,0.0,0.0,12.07,0.04,0.0,0.0,0,0.0,0.0,0.22,0,0.0,0,0.33,0.69,0.05,0.06,0,0,0,0.0,0.24,0,0.0,0.27,0,1.78,0.0,0,0,0,0.04,0.0
champagne,2710687,"Wine, sparkling",0.14,0.0,0.0,0.0,0.84,0.22,0.0,0.0,0,0.0,0.69,1.67,0,0.0,0,0.33,1.08,0.66,2.59,0,0,0,0.0,1.36,0,2.38,1.0,0,0.56,0.0,0,0,0,1.57,0.8
chard,169991,"Chard, swiss, raw",3.6,0.26,0.15,0.0,1.36,9.26,5.71,0.0,0,33.33,3.92,10.0,0,12.6,0,3.33,6.92,2.5,5.82,0,0,0,3.44,3.68,0,19.29,3.27,0,19.89,15.91,0,0,0,8.06,3.27
chartreuse,2710623,Liqueur,0.0,0.14,0.0,0.0,12.07,0.04,0.0,0.0,0,0.0,0.0,0.22,0,0.0,0,0.33,0.69,0.05,0.06,0,0,0,0.0,0.24,0,0.0,0.27,0,1.78,0.0,0,0,0,0.04,0.0
cheddar,170899,"Cheese, cheddar, sharp, sliced",48.5,43.36,96.84,33.0,0.77,28.0,0.0,0.0,0,0.0,54.69,0.89,0,5.2,0,2.25,33.38,0.24,4.41,0,0,0,9.62,36.8,0,6.43,34.0,0,3.89,1.04,0,0,0,1.62,3.0
cheese,2705704,"Cheese, NFS",41.4,40.13,89.0,31.67,1.57,41.91,0.0,0.0,0,0.0,65.31,2.17,0,5.2,0,2.42,30.69,0.53,4.53,0,0,0,0.0,42.56,0,6.67,28.64,0,3.44,0.0,0,0,0,2.74,3.8
cherry,2346399,"Cherries, sweet, dark red, raw",2.08,0.25,0.0,0.0,5.88,0.0,0.0,0.0,0,11.54,0.94,0.59,0,0.0,0,0.0,0.0,0.0,2.88,0,0,0,0.0,1.86,0,2.88,0.59,0,7.69,3.19,0,0,0,4.89,0.0
chestnut,170164,"Nuts, chestnuts, chinese, raw",8.4,1.42,0.82,0.0,17.84,0.13,0.0,0.0,0,40.0,1.38,7.83,0,0.0,0,13.33,13.85,5.0,24.12,0,0,0,11.1,7.68,0,20.0,7.91,0,40.33,69.61,0,0,0,9.51,0.0
chicken,2646170,"Chicken, breast, boneless, skinless, raw",45.05,2.48,1.74,24.24,0.0,2.86,0.0,0.0,0,0.0,0.3,1.97,0,0.0,0,0.0,0.0,0.0,0.0,0,0,0,0.0,17.19,0,6.24,5.95,0,0.4,0.0,0,0,0,7.02,0.0
chickpea,173756,"Chickpeas (garbanzo beans, bengal gram), mature seeds, raw",40.94,7.74,3.02,0.0,22.89,1.04,43.57,0.0,0,4.44,4.38,23.94,0,5.47,0,39.75,16.31,9.63,31.47,0,0,0,31.76,20.16,0,18.81,25.09,0,72.89,180.43,0,0,0,15.28,18.05
chile,168570,"Peppers, hot chile, sun-dried",21.16,7.45,4.06,0.0,25.4,3.96,102.5,0.0,0,34.89,3.46,33.56,0,20.93,0,6.75,92.69,54.18,47.65,0,0,0,19.12,12.72,0,20.95,9.27,0,25.33,35.7,0,0,0,39.79,15.33
chile pepper,168570,"Peppers, hot chile, sun-dried",21.16,7.45,4.06,0.0,25.4,3.96,102.5,0.0,0,34.89,3.46,33.56,0,20.93,0,6.75,92.69,54.18,47.65,0,0,0,19.12,12.72,0,20.95,9.27,0,25.33,35.7,0,0,0,39.79,15.33
chive,169994,"Chives, raw",6.54,0.94,0.73,0.0,1.58,0.13,8.93,0.0,0,64.56,7.08,8.89,0,1.4,0,6.5,8.85,4.04,8.12,0,0,0,6.48,4.64,0,10.0,5.09,0,17.44,16.22,0,0,0,6.3,0.95
chocolate,170274,"Candies, chocolate, dark, NFS (45-59% cacao solids 90%; 60-69% cacao solids 5%; 70-85% cacao solids 5%)",10.18,41.28,94.96,2.33,21.81,1.0,25.71,0.0,0,0.0,4.38,45.17,0,3.67,0,2.17,3.92,4.67,2.41,0,0,0,6.08,17.12,0,36.19,19.18,0,119.56,62.61,0,0,0,12.09,5.02
cilantro,169997,"Coriander (cilantro) leaves, raw",4.26,0.67,0.07,0.0,1.33,2.0,10.0,0.0,0,30.0,5.15,9.83,0,16.67,0,5.58,12.46,6.96,8.76,0,0,0,11.4,3.84,0,6.19,4.55,0,25.0,18.52,0,0,0,11.09,2.33
cinnamon,171849,"Bread, cinnamon",14.1,6.78,0.0,0.0,16.14,16.87,12.5,0.0,0,0.0,5.46,14.11,0,3.33,0,26.42,9.23,17.64,1.59,0,0,0,0.0,4.56,0,2.62,4.45,0,7.11,0.0,0,0,0,1.57,0.49
clam,174214,"Mollusks, clam, mixed species, raw",29.34,1.23,0.94,10.0,1.3,26.13,0.0,0.0,0,0.0,3.0,9.0,0,4.53,0,1.25,3.08,2.19,0.59,0,0,0,2.96,15.84,0,4.52,4.64,0,5.89,3.7,0,0,0,0.98,11.82
clove,171321,"Spices, cloves, ground",11.94,16.67,19.76,0.0,23.83,12.04,121.07,0.0,0,0.22,48.62,65.72,0,58.8,0,13.17,16.92,9.75,23.0,0,0,0,10.18,8.32,0,61.67,21.09,0,40.89,2614.22,0,0,0,21.7,6.8
coconut,170169,"Nuts, coconut meat, raw",6.66,42.94,148.49,0.0,5.54,0.87,32.14,0.0,0,3.67,1.08,13.5,0,1.6,0,5.5,1.54,3.38,3.18,0,0,0,6.0,9.04,0,7.62,10.0,0,48.33,65.22,0,0,0,7.57,2.2
cod,2684444,"Fish, cod, Atlantic, wild caught, raw",32.14,0.86,0.22,15.81,0.0,12.99,0.0,0.0,0,0.0,0.51,0.36,0,0.0,0,0.0,0.0,0.0,0.0,0,0,0,0.0,17.93,0,4.28,2.77,0,0.44,0.0,0,0,0,5.21,0.0
coffee,2705599,"Coffee creamer, NFS",2.0,12.78,9.7,0.0,4.15,2.91,0.0,0.0,0,0.0,0.69,0.17,0,5.4,0,0.0,0.0,0.0,0.0,0,0,0,0.0,5.12,0,0.0,0.18,0,0.0,0.0,0,0,0,4.06,0.0
cognac,2710699,Brandy,0.0,0.0,0.0,0.0,0.0,0.04,0.0,0.0,0,0.0,0.0,0.22,0,0.0,0,0.5,0.31,0.08,0.06,0,0,0,0.0,0.32,0,0.0,0.36,0,2.33,0.0,0,0,0,0.04,0.0
collard greens,2709576,"Collards, raw",6.04,0.78,0.27,0.0,1.97,0.74,14.29,0.0,0,39.22,17.85,2.61,0,15.07,0,4.5,10.0,4.64,9.71,0,0,0,0.0,2.0,0,6.43,1.91,0,5.11,0.0,0,0,0,4.53,4.22
cookie,2707899,"Cookie, NFS",10.2,31.67,40.45,0.0,23.78,13.52,7.14,0.0,0,0.0,1.62,31.0,0,13.4,0,24.33,22.85,16.62,3.41,0,0,0,0.0,8.72,0,9.76,6.55,0,35.89,0.0,0,0,0,3.64,1.91
coriander,170922,"Spices, coriander seed",24.74,22.78,4.95,0.0,20.0,1.52,149.64,0.0,0,23.33,54.54,90.67,0,0.0,0,19.92,22.31,13.31,0.0,0,0,0,0.0,32.72,0,78.57,42.73,0,108.33,82.61,0,0,0,26.96,0.0
corn,2710826,"Corn, sweet, yellow and white kernels,  fresh, raw",5.58,2.08,0.0,0.0,5.34,0.0,8.67,0.0,0,0.0,0.05,2.15,0,0.0,0,6.56,10.58,9.96,8.83,0,0,0,0.0,6.04,0,6.13,5.06,0,6.26,8.25,0,0,0,5.04,0.0
cornmeal,168922,"Cornmeal, degermed, enriched, white",14.22,2.24,1.1,0.0,28.89,0.3,13.93,0.0,0,0.0,0.23,24.22,0,0.8,0,45.92,29.38,31.05,10.71,0,0,0,4.8,7.92,0,7.62,6.0,0,8.44,7.57,0,0,0,3.02,1.56
cottage cheese,169078,"Cheese, cottage, with vegetables",21.8,5.38,13.23,4.67,1.09,17.52,0.36,0.0,0,4.44,4.31,0.56,0,0.33,0,0.83,10.0,0.62,2.94,0,0,0,0.0,10.24,0,0.95,2.64,0,3.11,0.0,0,0,0,1.83,3.18
couscous,169699,"Couscous, dry",25.52,0.82,0.58,0.0,28.16,0.43,17.86,0.0,0,0.0,1.85,6.0,0,0.0,0,13.58,6.0,21.81,6.47,0,0,0,24.86,13.6,0,10.48,7.55,0,27.44,33.91,0,0,0,3.53,0.0
crab,174204,"Crustaceans, crab, blue, raw",36.12,1.38,1.11,26.0,0.01,12.74,0.0,0.0,0,3.33,6.85,4.11,0,0.0,0,6.67,3.08,16.88,8.82,0,0,0,7.0,18.32,0,8.1,32.18,0,74.33,6.52,0,0,0,7.0,0.0
cranberry,171722,"Cranberries, raw",0.92,0.17,0.04,0.0,4.35,0.09,12.86,0.0,0,15.56,0.62,1.28,0,8.8,0,1.0,1.54,0.63,3.35,0,0,0,5.9,0.88,0,1.43,0.82,0,6.22,11.61,0,0,0,1.7,1.0
cranberry sauce,173961,"Cranberry sauce, canned, sweetened",1.8,0.19,0.03,0.0,14.69,0.22,3.93,0.0,0,1.11,0.23,2.28,0,6.2,0,1.25,1.62,0.62,0.82,0,0,0,0.0,0.32,0,0.48,0.27,0,2.89,3.17,0,0,0,0.6,0.69
cream cheese,173418,"Cheese, cream",12.3,44.15,101.06,33.67,2.01,13.65,0.0,0.0,0,0.0,7.46,0.61,0,5.73,0,1.92,17.69,0.57,3.29,0,0,0,10.34,8.56,0,2.14,4.55,0,2.0,0.48,0,0,0,2.81,4.87
créme de cacao,2710623,Liqueur,0.0,0.14,0.0,0.0,12.07,0.04,0.0,0.0,0,0.0,0.0,0.22,0,0.0,0,0.33,0.69,0.05,0.06,0,0,0,0.0,0.24,0,0.0,0.27,0,1.78,0.0,0,0,0,0.04,0.0
cucumber,169225,"Cucumber, peeled, raw",1.18,0.21,0.39,0.0,0.79,0.09,2.5,0.0,0,3.56,1.08,1.22,0,0.2,0,2.58,1.92,0.23,3.0,0,0,0,4.8,1.68,0,2.86,1.55,0,7.89,3.17,0,0,0,2.89,1.04
cumin,170923,"Spices, cumin seed",35.62,28.55,7.67,0.0,16.09,7.3,37.5,0.0,0,8.56,71.62,368.67,0,22.2,0,52.33,25.15,28.62,25.59,0,0,0,0.0,39.92,0,87.14,43.64,0,96.33,144.91,0,0,0,38.04,4.49
currant,173963,"Currants, european black, raw",2.8,0.53,0.17,0.0,5.59,0.09,0.0,0.0,0,201.11,4.23,8.56,0,6.67,0,4.17,3.85,1.88,3.88,0,0,0,7.96,4.72,0,5.71,2.45,0,9.56,11.13,0,0,0,6.85,0.0
curry,170924,"Spices, curry powder",28.58,17.96,8.24,0.0,20.3,2.26,190.0,0.0,0,0.78,40.38,106.11,0,168.27,0,14.67,15.38,20.38,6.18,0,0,0,21.4,29.36,0,60.71,42.73,0,133.33,360.87,0,0,0,24.89,11.67
custard,168772,"Egg custards, dry mix",13.8,8.21,10.15,86.0,30.11,12.22,0.0,0.0,0,0.44,17.54,10.72,0,0.0,0,12.08,31.69,2.0,12.71,0,0,0,44.76,26.56,0,10.71,9.55,0,5.11,0.87,0,0,0,11.49,0.0
date,2709203,Date,4.9,0.5,0.16,0.0,27.27,0.09,28.57,0.0,0,0.44,3.0,5.67,0,0.33,0,4.33,5.08,7.94,9.71,0,0,0,0.0,4.96,0,10.24,2.64,0,22.89,0.0,0,0,0,13.96,1.15
dill,172233,"Dill weed, fresh",6.92,1.44,0.3,0.0,2.55,2.65,7.5,0.0,0,94.44,16.0,36.61,0,0.0,0,4.83,22.77,9.81,10.88,0,0,0,7.94,5.28,0,13.1,8.27,0,16.22,54.96,0,0,0,15.7,0.0
dried fruit,2709195,"Dried, fruit, NFS",4.56,0.79,0.52,0.0,28.58,1.39,17.14,0.0,0,6.11,3.0,7.22,0,10.13,0,5.42,6.69,6.31,8.59,0,0,0,0.0,5.12,0,5.71,2.55,0,24.33,0.0,0,0,0,11.3,2.15
duck,172410,"Duck, domesticated, meat only, raw",36.56,7.63,11.6,25.67,0.34,3.22,0.0,0.0,0,6.44,0.85,13.33,0,4.67,0,30.0,34.62,33.12,20.0,0,0,0,32.0,16.24,0,4.52,17.27,0,28.11,0.83,0,0,0,5.77,9.75
eau de vie,174818,"Alcoholic beverage, distilled, vodka, 80 proof",0.0,0.0,0.0,0.0,0.0,0.04,0.0,0.0,0,0.0,0.0,0.06,0,0.0,0,0.42,0.54,0.0,0.0,0,0,0,0.0,0.4,0,0.0,0.0,0,1.11,0.0,0,0,0,0.02,0.0
egg,171287,"Egg, whole, raw, fresh",25.12,12.19,15.63,124.0,0.26,6.17,0.0,0.0,0,0.0,4.31,9.72,0,7.0,0,3.33,35.15,0.47,10.0,0,0,0,30.66,15.84,0,2.86,11.73,0,8.0,1.22,0,0,0,2.94,53.42
eggplant,169228,"Eggplant, raw",1.96,0.23,0.17,0.0,2.14,0.09,10.71,0.0,0,2.44,0.69,1.28,0,2.0,0,3.25,2.85,4.06,4.94,0,0,0,5.62,1.92,0,3.33,1.45,0,9.0,10.09,0,0,0,4.87,1.25
endive,168412,"Endive, raw",2.5,0.26,0.24,0.0,1.22,0.96,11.07,0.0,0,7.22,4.0,4.61,0,2.93,0,6.67,5.77,2.5,1.18,0,0,0,18.0,2.24,0,3.57,7.18,0,11.0,18.26,0,0,0,6.68,3.05
escarole,168413,"Escarole, cooked, boiled, drained, no salt added",2.3,0.23,0.21,0.0,1.12,0.83,10.0,0.0,0,3.67,3.54,4.0,0,2.67,0,4.92,4.77,1.95,0.94,0,0,0,16.52,1.76,0,3.1,6.27,0,9.67,16.74,0,0,0,5.21,2.8
fennel,169385,"Fennel, bulb, raw",2.48,0.26,0.45,0.0,2.65,2.26,11.07,0.0,0,13.33,3.77,4.06,0,3.87,0,0.83,2.46,4.0,2.76,0,0,0,4.64,4.0,0,4.05,1.82,0,7.33,8.3,0,0,0,8.81,2.4
feta,173420,"Cheese, feta",28.42,27.55,66.5,29.67,1.41,49.52,0.0,0.0,0,0.0,37.92,3.61,0,1.2,0,12.83,64.92,6.19,24.94,0,0,0,19.34,26.96,0,4.52,26.18,0,3.56,1.22,0,0,0,1.32,2.8
fig,173021,"Figs, raw",1.5,0.38,0.3,0.0,6.97,0.04,10.36,0.0,0,2.22,2.69,2.06,0,0.73,0,5.0,3.85,2.5,6.65,0,0,0,6.0,1.12,0,4.05,1.36,0,7.78,5.57,0,0,0,4.94,0.85
fish,2706224,"Fish, NFS",38.6,18.59,14.2,18.67,2.41,15.22,1.07,0.0,0,1.0,1.31,4.78,0,19.2,0,13.08,10.23,34.62,19.12,0,0,0,0.0,18.32,0,6.43,4.18,0,7.0,0.0,0,0,0,7.0,12.62
flat bread,1898944,GREEK FLAT BREAD,18.82,6.04,0.0,0.0,17.97,20.96,12.5,0.0,0,0.0,1.85,17.67,0,0.0,0,0.0,23.08,22.06,0.0,0,0,0,0.0,0.0,0,0.0,0.0,0,0.0,0.0,0,0,0,0.0,0.0
fontina,170843,"Cheese, fontina",51.2,39.92,95.98,38.67,0.56,34.78,0.0,0.0,0,0.0,42.31,1.28,0,1.8,0,1.75,15.69,0.94,4.88,0,0,0,8.58,27.68,0,3.33,31.82,0,2.78,0.61,0,0,0,1.36,2.8
fortified wine,2710692,"Wine, dessert, sweet",0.4,0.0,0.0,0.0,4.98,0.39,0.0,0.0,0,0.0,0.62,1.33,0,0.0,0,1.5,1.38,1.33,0.0,0,0,0,0.0,0.72,0,2.14,0.64,0,5.0,0.0,0,0,0,1.96,0.91
frangelico,2710623,Liqueur,0.0,0.14,0.0,0.0,12.07,0.04,0.0,0.0,0,0.0,0.0,0.22,0,0.0,0,0.33,0.69,0.05,0.06,0,0,0,0.0,0.24,0,0.0,0.27,0,1.78,0.0,0,0,0,0.04,0.0
garlic,169230,"Garlic, raw",12.72,0.64,0.45,0.0,12.02,0.74,7.5,0.0,0,34.67,13.92,9.44,0,0.53,0,16.67,8.46,4.38,72.65,0,0,0,11.92,12.24,0,5.95,10.55,0,33.22,72.7,0,0,0,8.53,4.22
gin,173664,"Alcoholic beverage, distilled, all (gin, rum, vodka, whiskey) 100 proof",0.0,0.0,0.0,0.0,0.0,0.04,0.0,0.0,0,0.0,0.0,0.22,0,0.0,0,0.5,0.31,0.08,0.06,0,0,0,0.0,0.32,0,0.0,0.36,0,2.33,0.78,0,0,0,0.04,0.0
ginger,169231,"Ginger root, raw",3.64,0.96,1.02,0.0,6.46,0.57,7.14,0.0,0,5.56,1.23,3.33,0,1.73,0,2.08,2.62,4.69,9.41,0,0,0,4.06,2.72,0,10.24,3.09,0,25.11,9.96,0,0,0,8.83,5.24
goat cheese,172197,"Cheese, goat, hard type",61.04,45.63,123.05,35.0,0.79,18.39,0.0,0.0,0,0.0,68.85,10.44,0,2.07,0,11.67,91.54,15.0,4.71,0,0,0,8.2,58.32,0,12.86,14.45,0,69.67,10.96,0,0,0,1.02,2.8
goose,172413,"Goose, domesticated, meat only, raw",45.5,9.14,13.95,28.0,0.0,3.78,0.0,0.0,0,8.0,1.0,14.28,0,0.0,0,10.75,29.0,26.74,37.65,0,0,0,39.46,24.96,0,5.71,21.27,0,34.0,1.04,0,0,0,8.94,0.0
gouda,171241,"Cheese, gouda",49.88,35.18,88.07,38.0,0.81,35.61,0.0,0.0,0,0.0,53.85,1.33,0,1.6,0,2.5,25.69,0.39,4.71,0,0,0,6.8,43.68,0,6.9,35.45,0,4.0,0.48,0,0,0,2.57,2.8
grand marnier,2710623,Liqueur,0.0,0.14,0.0,0.0,12.07,0.04,0.0,0.0,0,0.0,0.0,0.22,0,0.0,0,0.33,0.69,0.05,0.06,0,0,0,0.0,0.24,0,0.0,0.27,0,1.78,0.0,0,0,0,0.04,0.0
granola,2708461,"Cereal, granola",19.64,16.67,6.7,0.0,24.51,7.0,26.43,0.0,0,0.11,3.92,17.06,0,16.87,0,25.83,13.15,5.98,4.76,0,0,0,0.0,23.76,0,25.24,23.36,0,36.22,0.0,0,0,0,6.6,5.38
grape,2709237,"Grapes, raw",1.8,0.26,0.27,0.0,7.05,0.22,3.21,0.0,0,3.56,0.77,1.0,0,1.27,0,5.75,5.38,1.18,5.06,0,0,0,0.0,1.92,0,1.9,0.36,0,7.89,0.0,0,0,0,4.77,1.02
grapefruit,2709165,"Grapefruit, raw",1.54,0.18,0.11,0.0,3.89,0.0,5.71,0.0,0,34.67,1.69,0.44,0,0.87,0,3.58,2.38,1.27,3.12,0,0,0,0.0,1.44,0,2.14,0.64,0,3.56,0.0,0,0,0,2.87,1.4
grappa,2710699,Brandy,0.0,0.0,0.0,0.0,0.0,0.04,0.0,0.0,0,0.0,0.0,0.22,0,0.0,0,0.5,0.31,0.08,0.06,0,0,0,0.0,0.32,0,0.0,0.36,0,2.33,0.0,0,0,0,0.04,0.0
green bean,2709769,"Green beans, raw",3.94,0.36,0.25,0.0,2.69,0.0,10.71,0.0,0,13.56,3.08,3.61,0,2.73,0,5.0,8.0,4.57,7.12,0,0,0,0.0,3.28,0,6.67,3.18,0,10.89,0.0,0,0,0,6.17,2.78
ground beef,2705854,"Beef, ground",51.2,21.54,32.3,29.0,0.0,16.57,0.0,0.0,0,0.0,1.85,13.72,0,0.8,0,3.92,13.46,31.69,21.41,0,0,0,0.0,15.36,0,4.76,56.36,0,8.89,0.0,0,0,0,6.43,14.6
ground lamb,2705907,"Lamb, ground",49.2,25.0,40.3,32.0,0.0,16.87,0.0,0.0,0,0.0,1.69,9.89,0,0.93,0,8.25,19.08,41.56,8.18,0,0,0,0.0,15.92,0,5.71,42.09,0,14.11,0.0,0,0,0,7.15,16.85
guava,2709238,"Guava, raw",5.1,1.22,1.36,0.0,5.2,0.09,19.29,0.0,0,253.33,1.38,1.44,0,4.87,0,5.58,3.08,6.75,6.47,0,0,0,0.0,3.2,0,5.24,2.09,0,25.56,0.0,0,0,0,8.87,1.38
halibut,2706260,"Fish, halibut",41.4,8.0,7.8,19.67,2.83,14.52,1.07,0.0,0,0.0,1.38,4.17,0,8.93,0,11.75,6.08,46.94,32.59,0,0,0,0.0,21.04,0,6.43,4.36,0,4.67,0.0,0,0,0,10.06,12.67
ham,2705878,Ham,38.0,4.96,6.4,18.0,0.57,50.0,0.0,0.0,0,0.0,0.62,4.67,0,1.47,0,35.5,14.69,37.88,24.18,0,0,0,0.0,22.08,0,4.76,16.73,0,13.78,0.0,0,0,0,7.89,13.75
hazelnut,2707502,Hazelnuts,30.0,77.95,22.3,0.0,6.07,0.0,34.64,0.0,0,7.0,8.77,26.11,0,100.0,0,53.58,8.69,11.25,33.12,0,0,0,0.0,23.2,0,38.81,22.27,0,191.11,0.0,0,0,0,14.47,8.29
honey,2710281,Honey,0.6,0.0,0.0,0.0,29.96,0.17,0.71,0.0,0,0.56,0.46,2.33,0,0.0,0,0.0,2.92,0.76,1.41,0,0,0,0.0,0.32,0,0.48,2.0,0,4.0,0.0,0,0,0,1.11,0.4
honeydew,2709241,"Honeydew melon, raw",1.08,0.18,0.19,0.0,3.31,0.78,2.86,0.0,0,20.0,0.46,0.94,0,0.13,0,3.17,0.92,2.61,5.18,0,0,0,0.0,0.88,0,2.38,0.82,0,2.67,0.0,0,0,0,4.85,1.38
horseradish,2710083,Horseradish,2.36,0.88,0.45,0.0,4.11,18.26,11.79,0.0,0,27.67,4.31,2.33,0,0.07,0,0.67,1.85,2.41,4.29,0,0,0,0.0,2.48,0,6.43,7.55,0,6.44,0.0,0,0,0,5.23,1.18
hot pepper,2709798,"Peppers, hot, raw",2.78,0.51,0.34,0.0,2.79,0.26,7.86,0.0,0,145.56,1.0,3.56,0,14.2,0,4.67,6.0,7.88,27.24,0,0,0,0.0,2.72,0,4.52,1.82,0,9.78,0.0,0,0,0,6.06,1.67
ice cream,2705629,"Ice cream, NFS",7.14,14.49,34.3,14.0,9.6,3.91,2.86,0.0,0,0.67,9.54,1.67,0,2.6,0,3.67,18.15,0.96,2.71,0,0,0,0.0,8.48,0,3.81,6.55,0,4.78,0.0,0,0,0,4.32,4.6
jalapeño,2710096,"Peppers, jalapenos",1.72,0.49,0.38,0.0,2.01,31.13,9.64,0.0,0,72.67,2.77,1.56,0,14.93,0,3.17,3.54,5.08,15.41,0,0,0,0.0,1.6,0,2.38,1.09,0,5.11,0.0,0,0,0,3.83,1.49
jam,2710301,Jam,0.74,0.09,0.05,0.0,25.05,1.39,3.93,0.0,0,9.78,1.54,2.72,0,0.8,0,1.33,5.85,0.22,1.18,0,0,0,0.0,1.52,0,0.95,0.55,0,11.11,0.0,0,0,0,1.64,1.85
jerusalem artichoke,169236,"Jerusalem-artichokes, raw",4.0,0.01,0.0,0.0,6.34,0.17,5.71,0.0,0,4.44,1.08,18.89,0,1.27,0,16.67,4.62,8.12,4.53,0,0,0,7.94,6.24,0,4.05,1.09,0,15.56,2.61,0,0,0,9.13,5.45
jícama,2709787,"Jicama, raw",1.44,0.12,0.11,0.0,3.21,0.17,17.5,0.0,0,22.44,0.92,3.33,0,3.07,0,1.67,2.23,1.25,2.47,0,0,0,0.0,1.44,0,2.86,1.45,0,5.33,0.0,0,0,0,3.19,2.47
kahlúa,2710623,Liqueur,0.0,0.14,0.0,0.0,12.07,0.04,0.0,0.0,0,0.0,0.0,0.22,0,0.0,0,0.33,0.69,0.05,0.06,0,0,0,0.0,0.24,0,0.0,0.27,0,1.78,0.0,0,0,0,0.04,0.0
kale,2709599,"Kale, raw",5.84,1.91,0.89,0.0,1.61,2.3,14.64,0.0,0,103.78,19.54,8.89,0,4.4,0,9.42,26.69,7.38,8.65,0,0,0,0.0,4.4,0,7.86,3.55,0,5.89,0.0,0,0,0,7.4,0.09
kirsch,2710623,Liqueur,0.0,0.14,0.0,0.0,12.07,0.04,0.0,0.0,0,0.0,0.0,0.22,0,0.0,0,0.33,0.69,0.05,0.06,0,0,0,0.0,0.24,0,0.0,0.27,0,1.78,0.0,0,0,0,0.04,0.0
kiwi,2709239,"Kiwi fruit, raw",2.12,0.56,0.15,0.0,5.09,0.22,10.71,0.0,0,83.0,2.69,1.33,0,8.67,0,2.25,1.92,2.31,3.59,0,0,0,0.0,2.72,0,3.81,1.27,0,14.89,0.0,0,0,0,4.21,1.42
kumquat,2709167,"Kumquat, raw",3.76,1.1,0.52,0.0,5.78,0.43,23.21,0.0,0,48.78,4.77,4.78,0,1.0,0,3.08,6.92,2.68,2.12,0,0,0,0.0,1.52,0,4.76,1.55,0,10.56,0.0,0,0,0,3.96,1.53
lamb,174370,"Lamb, ground, raw",33.12,30.01,50.95,24.33,0.0,2.57,0.0,0.0,0,0.0,1.23,8.61,0,1.33,0,9.17,16.15,37.25,7.65,0,0,0,13.0,12.56,0,5.0,31.0,0,11.22,0.83,0,0,0,4.72,12.6
lamb chop,2705906,"Lamb, chop",54.8,20.9,33.0,32.33,0.0,16.83,0.0,0.0,0,0.0,1.54,10.5,0,0.93,0,8.67,20.23,43.25,8.47,0,0,0,0.0,16.72,0,6.19,34.36,0,15.11,0.0,0,0,0,7.43,18.18
lamb shank,172513,"Lamb, New Zealand, imported, fore-shank, separable lean and fat, raw",40.18,14.59,23.11,22.0,0.03,3.3,0.0,0.0,0,0.0,0.54,7.11,0,1.8,0,8.33,7.38,25.59,5.53,0,0,0,8.66,12.56,0,4.52,35.27,0,8.78,0.35,0,0,0,6.09,0.0
leafy green,2706753,"Beef and vegetables excluding carrots, broccoli, and dark-green leafy; no potatoes, gravy",16.22,9.41,8.2,7.67,2.35,13.57,3.21,0.0,0,1.33,1.0,4.5,0,6.0,0,3.17,6.62,10.31,7.65,0,0,0,0.0,5.68,0,3.1,12.64,0,4.78,0.0,0,0,0,2.96,6.27
leek,2709935,Leeks,3.14,3.91,3.79,0.67,5.35,6.57,6.79,0.0,0,11.78,4.77,12.17,0,9.13,0,4.67,2.31,2.48,13.88,0,0,0,0.0,2.96,0,6.9,1.18,0,13.89,0.0,0,0,0,4.0,1.84
lemon,2709168,"Lemon, raw",2.2,0.38,0.19,0.0,3.39,0.09,10.0,0.0,0,58.89,2.0,3.33,0,1.0,0,3.33,1.54,0.62,4.71,0,0,0,0.0,1.28,0,1.9,0.55,0,4.11,0.0,0,0,0,2.94,0.93
lemon juice,2709182,"Lemon juice, 100%, canned or bottled",0.9,0.09,0.14,0.0,2.04,1.04,2.5,0.0,0,15.89,0.77,0.33,0,1.53,0,1.75,1.31,1.12,2.18,0,0,0,0.0,0.72,0,1.67,1.73,0,2.0,0.0,0,0,0,2.32,0.93
lemongrass,1922319,THAI LEMONGRASS LAAB,10.08,3.55,2.5,0.0,4.76,7.17,7.14,0.0,0,25.22,4.85,8.83,0,0.0,0,0.0,0.0,0.0,0.0,0,0,0,0.0,0.0,0,0.0,0.0,0,0.0,0.0,0,0,0,0.0,0.0
lentil,172420,"Lentils, raw",49.26,1.36,0.77,0.0,23.04,0.26,38.21,0.0,0,5.0,2.69,36.17,0,3.27,0,72.75,16.23,16.28,31.76,0,0,0,42.8,22.48,0,11.19,29.73,0,83.78,60.57,0,0,0,14.4,17.53
lettuce,169249,"Lettuce, green leaf, raw",2.72,0.19,0.1,0.0,1.04,1.22,4.64,0.0,0,10.22,2.77,4.78,0,1.47,0,5.83,6.15,2.34,5.29,0,0,0,2.68,2.32,0,3.1,1.64,0,3.22,10.87,0,0,0,4.13,2.47
lima bean,168396,"Lima beans, immature seeds, raw",13.68,1.1,0.99,0.0,7.33,0.35,17.5,0.0,0,26.0,2.62,17.44,0,2.13,0,18.08,7.92,9.21,12.0,0,0,0,4.94,10.88,0,13.81,7.09,0,35.33,52.83,0,0,0,9.94,7.27
lime,168155,"Limes, raw",1.4,0.26,0.11,0.0,3.83,0.09,10.0,0.0,0,32.33,2.54,3.33,0,1.47,0,2.5,1.54,1.25,2.53,0,0,0,4.34,1.44,0,1.43,1.0,0,7.22,0.35,0,0,0,2.17,0.93
lime juice,168156,"Lime juice, raw",0.84,0.09,0.04,0.0,3.06,0.09,1.43,0.0,0,33.33,1.08,0.5,0,1.47,0,2.08,1.15,0.89,2.24,0,0,0,2.46,1.12,0,1.9,0.73,0,3.0,0.78,0,0,0,2.49,0.93
lingonberry,2025975,LINGONBERRIES,0.0,0.0,0.0,0.0,16.36,0.0,8.93,0.0,0,0.0,0.0,0.0,0,0.0,0,0.0,0.0,0.0,0.0,0,0,0,0.0,0.0,0,0.0,0.0,0,0.0,0.0,0,0,0,0.0,0.0
liqueur,2710623,Liqueur,0.0,0.14,0.0,0.0,12.07,0.04,0.0,0.0,0,0.0,0.0,0.22,0,0.0,0,0.33,0.69,0.05,0.06,0,0,0,0.0,0.24,0,0.0,0.27,0,1.78,0.0,0,0,0,0.04,0.0
lobster,174208,"Crustaceans, lobster, northern, raw",33.04,0.96,0.9,42.33,0.0,18.39,0.0,0.0,0,0.0,6.46,1.44,0,5.8,0,1.67,1.08,9.94,6.12,0,0,0,28.98,12.88,0,9.05,32.09,0,149.89,2.43,0,0,0,4.26,12.78
lychee,169086,"Litchis, raw",1.66,0.56,0.5,0.0,6.01,0.04,4.64,0.0,0,79.44,0.38,1.72,0,0.47,0,0.92,5.0,3.77,5.88,0,0,0,0.0,2.48,0,2.38,0.64,0,16.44,2.39,0,0,0,3.64,1.29
macadamia nut,170178,"Nuts, macadamia nuts, raw",15.82,97.14,60.3,0.0,5.03,0.22,30.71,0.0,0,1.33,6.54,20.5,0,3.6,0,99.58,12.46,15.46,16.18,0,0,0,15.16,15.04,0,30.95,11.82,0,84.0,179.61,0,0,0,7.83,0.0
mango,169910,"Mangos, raw",1.64,0.49,0.46,0.0,5.45,0.04,5.71,0.0,0,40.44,0.85,0.89,0,6.0,0,2.33,2.92,4.18,7.0,0,0,0,3.94,1.12,0,2.38,0.82,0,12.33,2.74,0,0,0,3.57,1.38
maple syrup,169661,"Syrups, maple",0.08,0.08,0.03,0.0,24.38,0.52,0.0,0.0,0,0.0,7.85,0.61,0,0.0,0,5.5,97.69,0.51,0.12,0,0,0,0.72,0.16,0,5.0,13.36,0,2.0,126.43,0,0,0,4.51,0.29
marsala,2706416,Veal Marsala,35.6,10.95,17.95,18.33,2.45,6.39,1.79,0.0,0,1.56,1.08,5.83,0,3.87,0,8.25,20.54,33.31,23.59,0,0,0,0.0,11.36,0,5.71,10.55,0,14.22,0.0,0,0,0,4.49,15.98
marscarpone,2289625,MASCARPONE,7.14,54.95,151.8,41.67,1.3,2.35,0.0,0.0,0,0.0,11.0,0.0,0,0.0,0,0.0,0.0,0.0,0.0,0,0,0,0.0,0.0,0,0.0,0.0,0,0.0,0.0,0,0,0,0.0,0.0
marshmallow,167995,"Candies, marshmallows",3.6,0.26,0.28,0.0,29.56,3.48,0.36,0.0,0,0.0,0.23,1.28,0,0.0,0,0.08,0.08,0.49,0.18,0,0,0,0.1,0.64,0,0.48,0.36,0,10.78,0.35,0,0,0,0.11,0.02
martini,2710639,Martini,0.14,0.0,0.0,0.0,0.05,0.09,0.0,0.0,0,0.0,0.08,0.5,0,0.0,0,0.42,0.38,0.16,0.24,0,0,0,0.0,0.4,0,0.24,0.36,0,2.22,0.0,0,0,0,0.28,0.13
mayonnaise,2710204,"Mayonnaise, regular",1.92,95.9,58.5,14.0,0.21,27.61,0.0,0.0,0,0.0,0.62,1.17,0,21.87,0,0.83,1.46,0.0,0.47,0,0,0,0.0,1.68,0,0.24,1.36,0,2.11,0.0,0,0,0,0.43,6.22
melon,169093,"Melons, casaba, raw",2.22,0.13,0.12,0.0,2.39,0.39,3.21,0.0,0,24.22,0.85,1.89,0,0.33,0,1.25,2.38,1.45,9.59,0,0,0,1.68,0.4,0,2.62,0.64,0,6.67,1.52,0,0,0,3.87,1.38
mezcal,2710623,Liqueur,0.0,0.14,0.0,0.0,12.07,0.04,0.0,0.0,0,0.0,0.0,0.22,0,0.0,0,0.33,0.69,0.05,0.06,0,0,0,0.0,0.24,0,0.0,0.27,0,1.78,0.0,0,0,0,0.04,0.0
midori,2710623,Liqueur,0.0,0.14,0.0,0.0,12.07,0.04,0.0,0.0,0,0.0,0.0,0.22,0,0.0,0,0.33,0.69,0.05,0.06,0,0,0,0.0,0.24,0,0.0,0.27,0,1.78,0.0,0,0,0,0.04,0.0
milk,2705384,"Milk, NFS",6.66,2.74,6.25,3.0,1.76,1.7,0.0,0.0,0,0.11,9.62,0.0,0,0.2,0,4.75,10.54,0.69,3.59,0,0,0,0.0,8.24,0,2.86,3.91,0,0.11,0.0,0,0,0,3.32,3.25
mint,173475,"Spearmint, fresh",6.58,0.94,0.95,0.0,3.06,1.3,24.29,0.0,0,14.78,15.31,65.94,0,0.0,0,6.5,13.46,5.92,9.29,0,0,0,5.0,4.8,0,15.0,9.91,0,26.67,48.61,0,0,0,9.74,0.0
molasses,168820,Molasses,0.0,0.13,0.09,0.0,27.17,1.61,0.0,0.0,0,0.0,15.77,26.22,0,0.0,0,3.42,0.15,5.81,39.41,0,0,0,16.08,2.48,0,57.62,2.64,0,54.11,66.52,0,0,0,31.15,2.42
monterey jack,2705720,"Cheese, Monterey",45.2,41.79,96.0,33.33,0.69,28.78,0.0,0.0,0,0.0,55.0,0.0,0,1.73,0,1.25,30.0,0.58,4.65,0,0,0,0.0,37.68,0,7.14,34.36,0,0.0,0.0,0,0,0,1.77,2.8
mozzarella,2705722,"Cheese, Mozzarella, NFS",47.4,26.15,58.5,21.67,1.61,30.39,0.0,0.0,0,0.0,53.31,1.11,0,3.4,0,1.92,27.69,0.63,5.29,0,0,0,0.0,42.64,0,6.43,32.91,0,3.89,0.0,0,0,0,2.47,2.45
muffin,2707829,"Muffin, NFS",8.98,20.64,14.2,10.0,19.27,14.61,3.93,0.0,0,1.0,3.38,7.22,0,10.87,0,14.0,12.54,8.88,2.35,0,0,0,0.0,11.68,0,2.38,3.36,0,6.67,0.0,0,0,0,2.57,16.82
mushroom,2709793,"Mushrooms, raw",5.8,0.45,0.25,0.0,1.5,0.26,6.07,0.0,0,2.33,0.38,1.28,0,0.07,0,4.42,34.85,24.44,4.82,0,0,0,0.0,7.44,0,2.38,4.55,0,40.44,0.0,0,0,0,7.89,3.15
mussel,2706350,Mussels,30.2,3.64,2.69,11.67,1.7,15.74,0.0,0.0,0,9.0,2.54,27.78,0,4.67,0,14.33,19.46,12.0,3.35,0,0,0,0.0,19.92,0,10.24,18.36,0,13.22,0.0,0,0,0,8.62,14.96
mustard,2710085,Mustard,8.5,4.33,1.26,0.0,1.93,47.83,15.36,0.0,0,0.44,4.85,8.83,0,2.33,0,15.75,5.08,3.51,4.06,0,0,0,0.0,8.64,0,11.43,5.82,0,8.22,0.0,0,0,0,3.19,4.07
mustard greens,2709606,"Mustard greens, raw",5.72,0.54,0.05,0.0,1.7,0.87,11.43,0.0,0,77.78,8.85,9.11,0,13.4,0,6.67,8.46,5.0,10.59,0,0,0,0.0,4.64,0,7.62,2.27,0,18.33,0.0,0,0,0,8.17,0.09
nectarine,2709245,"Nectarine, raw",2.12,0.36,0.0,0.0,3.34,0.57,5.36,0.0,0,3.22,0.15,1.67,0,4.07,0,2.83,2.08,7.0,1.47,0,0,0,0.0,2.08,0,2.14,1.91,0,9.11,0.0,0,0,0,2.79,1.13
noodle,169742,"Rice noodles, dry",11.9,0.72,0.77,0.0,29.16,7.91,5.71,0.0,0,0.0,1.38,3.89,0,0.73,0,2.58,1.31,1.38,0.88,0,0,0,1.02,12.24,0,2.86,6.73,0,8.67,21.65,0,0,0,0.64,1.0
nutmeg,171326,"Spices, nutmeg, ground",11.68,46.55,129.7,0.0,17.92,0.7,74.29,0.0,0,3.33,14.15,16.89,0,0.0,0,28.83,4.38,8.12,9.41,0,0,0,0.0,17.04,0,43.57,19.55,0,114.11,126.09,0,0,0,7.45,1.6
oat,168872,"Oat bran, raw",34.6,9.01,6.64,0.0,24.08,0.17,55.0,0.0,0,0.0,4.46,30.06,0,6.73,0,97.5,16.92,5.84,9.71,0,0,0,29.88,58.72,0,55.95,28.27,0,44.78,244.78,0,0,0,12.04,5.85
oatmeal,2708380,"Oatmeal, NFS",4.36,3.37,4.26,1.0,4.07,3.52,6.07,0.0,0,0.0,0.92,3.72,0,1.47,0,5.08,1.77,1.04,2.24,0,0,0,0.0,5.2,0,5.71,5.55,0,7.89,0.0,0,0,0,1.21,1.27
octopus,2706331,Octopus,26.4,16.67,9.2,14.33,4.87,22.52,1.79,0.0,0,3.33,4.23,27.33,0,21.07,0,13.75,7.85,15.88,15.24,0,0,0,0.0,13.12,0,6.67,13.0,0,39.78,0.0,0,0,0,6.17,10.24
okra,169260,"Okra, raw",3.86,0.24,0.13,0.0,2.71,0.3,11.43,0.0,0,25.56,6.31,3.44,0,1.8,0,16.67,4.62,6.25,12.65,0,0,0,4.9,4.88,0,13.57,5.27,0,12.11,34.26,0,0,0,6.36,2.24
olive,2710088,"Olives, NFS",1.68,13.97,11.4,0.0,2.2,31.96,5.71,0.0,0,1.0,6.77,34.89,0,11.0,0,0.25,0.0,0.23,0.53,0,0,0,0.0,0.24,0,0.95,2.0,0,27.89,0.0,0,0,0,0.17,1.87
onion,2709795,"Onions, raw",1.72,0.1,0.21,0.0,3.08,0.04,6.07,0.0,0,9.11,1.31,1.33,0,0.13,0,3.83,2.08,0.73,7.06,0,0,0,0.0,2.64,0,2.14,1.55,0,4.56,0.0,0,0,0,3.64,1.11
orange,2709171,"Orange, raw",1.84,0.18,0.07,0.0,4.29,0.17,7.86,0.0,0,62.44,3.23,1.22,0,1.2,0,6.5,3.54,2.21,4.12,0,0,0,0.0,1.44,0,2.38,0.82,0,6.0,0.0,0,0,0,3.7,1.53
orange juice,2709186,"Orange juice, 100%, NFS",1.54,0.44,0.07,0.0,3.71,0.09,1.07,0.0,0,31.89,4.31,0.33,0,1.33,0,6.08,3.0,0.21,2.47,0,0,0,0.0,1.44,0,2.38,0.27,0,3.78,0.0,0,0,0,3.85,1.13
oregano,171328,"Spices, oregano, dried",18.0,5.49,7.75,0.0,25.06,1.09,151.79,0.0,0,2.56,122.85,204.44,0,121.73,0,14.75,40.62,29.0,61.41,0,0,0,18.42,11.84,0,64.29,24.45,0,70.33,216.96,0,0,0,26.81,5.87
orzo,465734,ORZO,25.0,2.29,0.0,0.0,28.57,0.0,12.86,0.0,0,0.0,0.0,17.83,0,0.0,0,83.33,23.38,33.48,0.0,0,0,0,0.0,0.0,0,0.0,0.0,0,0.0,0.0,0,0,0,0.0,0.0
oyster,2706351,"Oysters, raw",11.42,2.19,2.37,13.33,0.99,3.7,0.0,0.0,0,0.0,4.54,25.61,0,5.67,0,1.5,6.92,5.78,1.82,0,0,0,0.0,7.76,0,4.29,357.27,0,317.78,0.0,0,0,0,3.32,11.82
paleo,2131853,"PALEO BAKING FLOUR, PALEO",34.78,22.29,10.85,0.0,20.55,0.0,46.43,0.0,0,0.0,6.69,17.39,0,0.0,0,0.0,0.0,0.0,0.0,0,0,0,0.0,0.0,0,0.0,0.0,0,0.0,0.0,0,0,0,0.0,0.0
pancake,2708294,"Pancakes, NFS",14.82,15.51,15.05,22.0,12.84,22.09,7.5,0.0,0,0.0,15.85,8.06,0,12.07,0,19.08,19.92,8.69,7.94,0,0,0,0.0,26.08,0,4.76,6.64,0,5.11,0.0,0,0,0,3.7,9.11
papaya,2709246,"Papaya, raw",0.94,0.33,0.4,0.0,3.93,0.35,6.07,0.0,0,67.67,1.54,1.39,0,2.0,0,1.92,2.08,2.23,2.24,0,0,0,0.0,0.8,0,5.0,0.73,0,5.0,0.0,0,0,0,3.87,1.11
paprika,171329,"Spices, paprika",28.28,16.53,10.7,0.0,19.63,2.96,124.64,0.0,0,1.0,17.62,117.44,0,194.0,0,27.5,94.62,62.88,125.94,0,0,0,50.2,25.12,0,42.38,39.36,0,79.22,69.13,0,0,0,48.51,9.36
parmesan,170848,"Cheese, parmesan, hard",71.5,32.05,74.25,22.67,1.17,51.09,0.0,0.0,0,0.0,91.08,4.56,0,1.47,0,3.25,25.54,1.69,5.35,0,0,0,9.06,55.52,0,10.48,25.0,0,3.56,0.87,0,0,0,1.96,2.8
parsley,170416,"Parsley, fresh",5.94,1.01,0.66,0.0,2.3,2.43,11.79,0.0,0,147.78,10.62,34.44,0,5.0,0,7.17,7.54,8.21,5.29,0,0,0,8.0,4.64,0,11.9,9.73,0,16.56,6.96,0,0,0,11.79,2.33
parsnip,170417,"Parsnips, raw",2.4,0.38,0.25,0.0,6.54,0.43,17.5,0.0,0,18.89,2.77,3.28,0,9.93,0,7.5,3.85,4.38,5.29,0,0,0,12.0,5.68,0,6.9,5.36,0,13.33,24.35,0,0,0,7.98,0.0
passion fruit,169109,"Passion-fruit juice, purple, raw",0.78,0.06,0.02,0.0,4.95,0.26,0.71,0.0,0,33.11,0.31,1.33,0,0.07,0,0.0,10.08,9.12,2.94,0,0,0,0.0,1.04,0,4.05,0.45,0,5.89,0.0,0,0,0,5.91,0.73
pasta,169736,"Pasta, dry, enriched",26.08,1.94,1.39,0.0,27.15,0.26,11.43,0.0,0,0.0,1.62,18.33,0,0.73,0,74.25,30.77,44.86,8.35,0,0,0,8.62,15.12,0,12.62,12.82,0,32.11,39.87,0,0,0,4.74,2.75
pastry,2708053,"Pastry, puff",14.8,49.36,27.5,0.0,16.62,11.0,5.36,0.0,0,0.0,0.77,14.44,0,3.67,0,26.92,19.85,23.75,1.12,0,0,0,0.0,4.8,0,3.81,4.91,0,12.78,0.0,0,0,0,1.32,1.13
pea,2709797,"Green peas, raw",10.84,0.51,0.35,0.0,5.24,0.22,20.36,0.0,0,44.44,1.92,8.17,0,0.87,0,22.17,10.15,13.06,9.94,0,0,0,0.0,8.64,0,7.86,11.27,0,19.56,0.0,0,0,0,5.19,5.16
peach,2709249,"Peach, raw",1.82,0.35,0.1,0.0,3.67,0.57,5.36,0.0,0,4.56,0.31,1.89,0,4.87,0,2.0,2.38,5.04,1.47,0,0,0,0.0,1.76,0,1.9,2.09,0,8.67,0.0,0,0,0,2.6,1.11
peanut,2707512,"Peanuts, NFS",48.8,63.72,38.6,0.0,7.75,17.83,30.0,0.0,0,0.0,4.46,8.78,0,32.87,0,12.67,15.15,90.0,27.41,0,0,0,0.0,29.04,0,42.38,25.18,0,47.56,0.0,0,0,0,13.49,11.75
peanut butter,2707537,Peanut butter,44.4,65.9,51.5,0.0,8.11,18.52,17.86,0.0,0,0.0,3.77,9.67,0,60.67,0,12.5,14.77,81.88,25.94,0,0,0,0.0,26.8,0,40.0,22.82,0,46.89,0.0,0,0,0,11.87,11.45
pear,2709254,"Pear, raw",0.74,0.19,0.11,0.0,5.53,0.13,11.07,0.0,0,4.78,0.69,1.0,0,0.8,0,1.0,2.0,1.01,1.65,0,0,0,0.0,0.88,0,1.67,0.82,0,8.56,0.0,0,0,0,2.21,0.93
pecan,2707521,"Pecans, NFS",19.92,93.97,32.3,0.0,4.62,0.0,20.71,0.0,0,1.22,4.23,13.17,0,9.33,0,45.67,10.0,5.91,10.06,0,0,0,0.0,20.24,0,24.52,35.73,0,100.67,0.0,0,0,0,7.66,7.36
pepper,2709798,"Peppers, hot, raw",2.78,0.51,0.34,0.0,2.79,0.26,7.86,0.0,0,145.56,1.0,3.56,0,14.2,0,4.67,6.0,7.88,27.24,0,0,0,0.0,2.72,0,4.52,1.82,0,9.78,0.0,0,0,0,6.06,1.67
pernod,2710623,Liqueur,0.0,0.14,0.0,0.0,12.07,0.04,0.0,0.0,0,0.0,0.0,0.22,0,0.0,0,0.33,0.69,0.05,0.06,0,0,0,0.0,0.24,0,0.0,0.27,0,1.78,0.0,0,0,0,0.04,0.0
persimmon,2709259,"Persimmon, raw",1.16,0.24,0.1,0.0,6.76,0.04,12.86,0.0,0,8.33,0.62,0.83,0,4.87,0,2.5,1.54,0.62,5.88,0,0,0,0.0,1.36,0,2.14,1.0,0,12.56,0.0,0,0,0,3.43,1.38
pickles,2710097,"Pickles, NFS",0.96,0.55,0.4,0.0,0.72,35.13,3.57,0.0,0,2.33,4.15,1.28,0,0.8,0,3.92,4.38,0.68,2.0,0,0,0,0.0,1.28,0,1.67,1.0,0,2.89,0.0,0,0,0,2.38,0.62
pine nut,2707526,Pine nuts,27.4,87.69,24.5,0.0,4.76,0.09,13.21,0.0,0,0.89,1.23,30.72,0,62.2,0,30.33,17.46,27.44,5.53,0,0,0,0.0,46.0,0,59.76,58.64,0,146.67,0.0,0,0,0,12.7,10.15
pineapple,2709260,"Pineapple, raw",0.92,0.27,0.04,0.0,5.13,0.0,3.21,0.0,0,65.11,0.92,0.28,0,0.13,0,5.33,2.46,1.43,6.47,0,0,0,0.0,0.4,0,3.1,1.0,0,10.56,0.0,0,0,0,2.91,1.0
pistachio,2707527,"Pistachio nuts, NFS",42.0,58.72,28.2,0.0,10.29,0.26,36.79,0.0,0,3.33,8.23,22.39,0,14.47,0,57.92,18.0,8.56,65.88,0,0,0,0.0,37.52,0,25.95,21.27,0,143.33,0.0,0,0,0,21.49,12.98
plantain,2709560,"Plantain, raw",2.6,0.45,0.0,0.0,11.6,0.17,6.07,0.0,0,20.44,0.23,3.06,0,0.0,0,5.17,5.85,4.2,14.24,0,0,0,0.0,2.56,0,8.57,1.73,0,8.22,0.0,0,0,0,10.36,2.45
plum,2709265,"Plum, raw",1.4,0.36,0.09,0.0,4.15,0.0,5.0,0.0,0,10.56,0.46,0.94,0,1.73,0,2.33,2.0,2.61,1.71,0,0,0,0.0,1.28,0,1.67,0.91,0,6.33,0.0,0,0,0,3.34,0.35
poblano,2709800,"Peppers, sweet, green, raw",1.44,0.14,0.29,0.0,1.74,0.0,3.21,0.0,0,110.56,0.54,1.06,0,2.47,0,3.25,6.85,3.98,14.53,0,0,0,0.0,1.36,0,2.14,1.18,0,6.44,0.0,0,0,0,3.47,1.0
pomegranate,2709267,"Pomegranate, raw",3.34,1.5,0.6,0.0,6.8,0.13,14.29,0.0,0,11.33,0.77,1.67,0,4.0,0,5.58,4.08,1.83,4.41,0,0,0,0.0,2.88,0,2.86,3.18,0,17.56,0.0,0,0,0,5.02,1.38
pomegranate juice,2709330,"Pomegranate juice, 100%",0.3,0.37,0.39,0.0,4.76,0.39,0.36,0.0,0,0.11,0.85,0.56,0,2.53,0,1.25,1.15,1.46,2.35,0,0,0,0.0,0.88,0,1.67,0.82,0,2.33,0.0,0,0,0,4.55,0.87
poppy,171330,"Spices, poppy seed",35.98,53.28,22.59,0.0,10.23,1.13,69.64,0.0,0,1.11,110.62,54.22,0,11.8,0,71.17,7.69,5.6,14.53,0,0,0,6.48,69.6,0,82.62,71.82,0,180.78,291.61,0,0,0,15.3,1.6
pork,2705862,"Pork, NFS",54.2,11.12,15.15,25.67,0.0,15.13,0.0,0.0,0,0.0,0.77,4.39,0,1.13,0,50.42,18.0,47.19,36.18,0,0,0,0.0,19.6,0,6.19,22.18,0,9.78,0.0,0,0,0,8.55,14.75
pork chop,2705866,"Pork, chop, NS as to fat eaten",55.0,9.68,13.0,23.67,0.0,15.39,0.0,0.0,0,0.0,0.54,3.39,0,1.33,0,53.67,15.69,52.75,37.06,0,0,0,0.0,20.48,0,6.43,18.09,0,8.44,0.0,0,0,0,9.13,13.98
pork rib,2705894,"Pork, ribs",32.4,19.36,27.15,19.33,4.4,29.48,1.07,0.0,0,0.22,3.23,4.61,0,2.73,0,27.17,19.0,34.25,18.18,0,0,0,0.0,9.68,0,3.81,19.82,0,10.67,0.0,0,0,0,5.02,10.31
pork tenderloin,2705877,"Pork, tenderloin",49.2,4.33,5.8,22.67,0.03,14.74,0.0,0.0,0,0.0,0.46,6.06,0,0.53,0,74.67,29.0,46.12,40.94,0,0,0,0.0,22.4,0,6.67,20.73,0,12.11,0.0,0,0,0,9.83,15.24
port,2710692,"Wine, dessert, sweet",0.4,0.0,0.0,0.0,4.98,0.39,0.0,0.0,0,0.0,0.62,1.33,0,0.0,0,1.5,1.38,1.33,0.0,0,0,0,0.0,0.72,0,2.14,0.64,0,5.0,0.0,0,0,0,1.96,0.91
potato,2709382,"Potato, NFS",3.74,5.45,5.55,1.0,7.42,7.22,5.0,0.0,0,13.44,0.38,1.89,0,4.4,0,8.33,1.54,8.25,18.35,0,0,0,0.0,3.84,0,5.71,2.55,0,22.67,0.0,0,0,0,7.91,2.56
poultry sausage,2706179,Chorizo,38.6,36.03,47.25,35.67,0.96,42.74,0.0,0.0,0,0.0,2.85,13.0,0,10.0,0,30.42,32.31,44.12,32.59,0,0,0,0.0,16.56,0,7.14,19.91,0,14.44,0.0,0,0,0,9.26,17.65
prosciutto,2705879,"Ham, prosciutto",55.6,10.67,13.9,23.33,0.11,117.39,0.0,0.0,0,0.0,0.77,6.17,0,1.87,0,47.25,18.62,24.25,24.71,0,0,0,0.0,25.44,0,5.95,25.55,0,12.0,0.0,0,0,0,10.85,19.27
prune,2709211,"Prune, dried",4.36,0.49,0.44,0.0,23.24,0.09,25.36,0.0,0,0.67,3.31,5.17,0,2.87,0,4.25,14.31,11.75,12.06,0,0,0,0.0,5.52,0,9.76,4.0,0,31.22,0.0,0,0,0,15.57,1.84
puff pastry dough,2663975,PUFF PASTRY DOUGH,0.0,36.63,59.5,0.0,12.12,16.57,17.14,0.0,0,0.0,0.0,0.0,0,0.0,0,0.0,0.0,0.0,0.0,0,0,0,0.0,0.0,0,0.0,0.0,0,0.0,0.0,0,0,0,0.0,0.0
pumpkin,168448,"Pumpkin, raw",2.0,0.13,0.26,0.0,2.36,0.04,1.79,0.0,0,10.0,1.62,4.44,0,7.07,0,4.17,8.46,3.75,3.59,0,0,0,5.96,3.52,0,2.86,2.91,0,14.11,5.43,0,0,0,7.23,1.49
punch,2710675,Champagne punch,0.32,0.08,0.02,0.0,4.18,0.17,0.36,0.0,0,4.44,0.62,1.39,0,0.07,0,2.0,1.38,0.84,3.24,0,0,0,0.0,0.88,0,1.9,0.91,0,3.56,0.0,0,0,0,1.77,0.55
quail,172419,"Quail, meat only, raw",43.52,5.81,6.6,23.33,0.0,2.22,0.0,0.0,0,8.0,1.0,25.06,0,0.0,0,23.58,21.92,51.25,31.18,0,0,0,15.74,24.56,0,5.95,24.55,0,66.0,0.83,0,0,0,5.04,0.0
quiche,2708732,"Spinach quiche, meatless",20.6,30.13,59.5,42.33,4.25,13.78,3.57,0.0,0,4.78,17.77,6.0,0,8.13,0,7.17,20.38,4.41,5.47,0,0,0,0.0,15.52,0,9.29,12.64,0,5.44,0.0,0,0,0,4.6,11.62
quince,168163,"Quinces, raw",0.8,0.13,0.05,0.0,5.56,0.17,6.79,0.0,0,16.67,0.85,3.89,0,0.0,0,1.67,2.31,1.25,2.35,0,0,0,1.62,1.36,0,1.9,0.36,0,14.44,0.0,0,0,0,4.19,0.0
quinoa,168874,"Quinoa, uncooked",28.24,7.78,3.53,0.0,23.33,0.22,25.0,0.0,0,0.0,3.62,25.39,0,16.27,0,30.0,24.46,9.5,28.65,0,0,0,15.44,36.56,0,46.9,28.18,0,65.56,88.39,0,0,0,11.98,12.76
rabbit,2705912,Rabbit,60.2,10.69,12.45,28.33,0.0,14.96,0.0,0.0,0,0.0,1.54,13.06,0,2.93,0,5.0,13.0,44.38,19.82,0,0,0,0.0,17.92,0,4.76,21.36,0,19.44,0.0,0,0,0,6.34,21.82
rack of lamb,172641,"Lamb, New Zealand, imported, rack - fully frenched, separable lean and fat, raw",39.76,12.77,21.52,20.67,0.02,2.7,0.0,0.0,0,0.0,0.62,7.56,0,2.33,0,5.17,13.23,31.4,13.94,0,0,0,11.68,14.88,0,5.24,19.73,0,11.22,0.35,0,0,0,6.89,0.0
radicchio,168564,"Radicchio, raw",2.86,0.32,0.3,0.0,1.63,0.96,3.21,0.0,0,8.89,1.46,3.17,0,15.07,0,1.33,2.15,1.59,3.35,0,0,0,5.38,3.2,0,3.1,5.64,0,37.89,6.0,0,0,0,6.43,1.98
radish,169276,"Radishes, raw",1.36,0.13,0.16,0.0,1.24,1.7,5.71,0.0,0,16.44,1.92,1.89,0,0.0,0,1.0,3.0,1.59,4.18,0,0,0,3.3,1.6,0,2.38,2.55,0,5.56,3.0,0,0,0,4.96,1.18
raisin,2709212,Raisins,6.6,0.32,0.47,0.0,28.84,1.13,16.07,0.0,0,2.56,4.77,9.94,0,0.8,0,8.83,9.62,4.79,10.24,0,0,0,0.0,7.84,0,8.57,3.27,0,30.22,0.0,0,0,0,15.83,2.02
raspberry,2709281,"Raspberries, raw",2.02,0.24,0.1,0.0,4.69,0.0,23.21,0.0,0,25.56,1.23,2.5,0,5.8,0,2.67,2.92,3.74,3.24,0,0,0,0.0,2.16,0,4.52,2.0,0,5.89,0.0,0,0,0,3.32,2.24
red wine,2710688,"Wine, red",0.14,0.0,0.0,0.0,0.95,0.17,0.0,0.0,0,0.0,0.62,2.56,0,0.0,0,0.42,2.38,1.4,3.35,0,0,0,0.0,1.84,0,2.86,1.27,0,1.22,0.0,0,0,0,2.7,1.04
rhubarb,2709268,Rhubarb,1.62,0.28,0.24,0.0,6.33,0.17,5.71,0.0,0,6.33,5.62,1.11,0,1.6,0,1.17,2.15,1.51,1.18,0,0,0,0.0,1.04,0,2.62,0.82,0,2.0,0.0,0,0,0,4.96,1.0
rice,2709078,Dirty rice,10.24,2.88,2.02,17.67,6.25,13.74,2.14,0.0,0,6.0,1.15,9.83,0,2.6,0,10.25,13.08,10.88,6.24,0,0,0,0.0,5.04,0,2.14,7.09,0,10.89,0.0,0,0,0,1.81,3.18
ricotta,2705750,"Cheese, Ricotta",19.2,12.13,29.75,13.33,2.18,4.43,0.0,0.0,0,0.0,19.08,1.5,0,1.13,0,2.67,19.69,0.77,3.53,0,0,0,0.0,13.76,0,4.29,8.64,0,1.89,0.0,0,0,0,3.79,3.07
rosé,2710690,"Wine, rose",0.72,0.0,0.0,0.0,1.38,0.22,0.0,0.0,0,0.0,0.77,1.11,0,0.0,0,1.67,1.15,0.56,2.18,0,0,0,0.0,1.44,0,2.38,1.0,0,0.56,0.0,0,0,0,1.26,0.0
rum,2710703,Rum,0.0,0.0,0.0,0.0,0.0,0.04,0.0,0.0,0,0.0,0.0,0.22,0,0.0,0,0.5,0.31,0.08,0.06,0,0,0,0.0,0.32,0,0.0,0.36,0,2.33,0.0,0,0,0,0.04,0.0
rutabaga,2709804,"Rutabaga, raw",2.16,0.21,0.14,0.0,3.13,0.52,8.21,0.0,0,27.78,3.31,2.44,0,2.0,0,7.5,3.08,4.38,5.88,0,0,0,0.0,4.24,0,4.76,2.18,0,3.56,0.0,0,0,0,6.49,2.56
rye,2512375,"Flour, rye",16.79,2.45,0.0,0.0,28.06,0.0,48.86,0.0,0,0.0,2.48,14.09,0,0.0,0,18.02,13.08,7.27,9.64,0,0,0,0.0,22.42,0,22.71,21.16,0,37.6,92.57,0,0,0,9.23,0.0
saffron,170934,"Spices, saffron",22.86,7.5,7.93,0.0,23.77,6.43,13.93,0.0,0,89.78,8.54,61.67,0,0.0,0,9.58,20.54,9.12,59.41,0,0,0,0.0,20.16,0,62.86,9.91,0,36.44,1235.13,0,0,0,36.68,0.0
sage,170935,"Spices, sage, ground",21.26,16.35,35.15,0.0,22.08,0.48,143.93,0.0,0,36.0,127.08,156.22,0,49.87,0,62.83,25.85,35.75,158.24,0,0,0,0.0,7.28,0,101.9,42.73,0,84.11,136.22,0,0,0,22.77,7.93
sake,167723,"Alcoholic beverage, rice (sake)",1.0,0.0,0.0,0.0,1.82,0.09,0.0,0.0,0,0.0,0.38,0.56,0,0.0,0,0.0,0.0,0.0,0.0,0,0,0,0.0,0.48,0,1.43,0.18,0,1.0,0.0,0,0,0,0.53,0.0
salad,2709816,"Cabbage salad, NFS",1.58,1.03,0.82,0.67,3.25,11.7,8.57,0.0,0,29.56,2.46,0.5,0,1.07,0,3.92,2.92,1.73,6.24,0,0,0,0.0,1.84,0,2.62,1.55,0,1.33,0.0,0,0,0,3.7,1.45
salad dressing,2710195,"Salad dressing, NFS, for salads",2.64,57.05,34.8,8.67,2.15,35.22,0.0,0.0,0,0.0,2.15,1.67,0,14.8,0,1.25,6.69,0.34,1.76,0,0,0,0.0,14.88,0,1.19,1.55,0,2.11,0.0,0,0,0,1.36,5.96
salmon,2706285,"Fish, salmon, NFS",50.8,23.59,21.4,23.0,0.0,12.78,0.0,0.0,0,3.22,0.85,2.44,0,27.4,0,15.42,12.92,66.25,43.12,0,0,0,0.0,24.4,0,8.1,4.18,0,6.89,0.0,0,0,0,9.62,18.73
salsa,2709736,"Salsa, NFS",2.88,0.24,0.11,0.0,2.45,28.52,6.43,0.0,0,2.11,2.15,2.33,0,8.13,0,2.92,2.46,7.0,10.35,0,0,0,0.0,2.56,0,3.57,1.82,0,7.22,0.0,0,0,0,5.49,2.33
sardine,2706293,"Fish, sardines, canned",49.2,14.62,7.65,47.33,0.0,13.35,0.0,0.0,0,0.0,29.38,16.22,0,13.6,0,6.67,17.46,32.75,9.82,0,0,0,0.0,39.2,0,9.29,11.91,0,20.67,0.0,0,0,0,8.45,13.64
sausage,2706191,Pork sausage,37.0,34.87,44.15,28.67,0.52,35.39,0.0,0.0,0,0.0,0.69,6.67,0,6.0,0,21.33,13.54,38.25,11.47,0,0,0,0.0,11.92,0,3.81,22.27,0,7.89,0.0,0,0,0,7.28,11.33
scallion,2709794,"Onions, green, raw",3.66,0.24,0.16,0.0,2.67,0.7,9.29,0.0,0,20.89,5.54,8.22,0,3.67,0,4.58,6.15,3.28,3.59,0,0,0,0.0,2.96,0,4.76,3.55,0,9.22,0.0,0,0,0,5.87,1.04
scallop,169289,"Squash, summer, scallop, raw",2.4,0.26,0.21,0.0,1.4,0.04,4.29,0.0,0,20.0,1.46,2.22,0,0.87,0,5.83,2.31,3.75,6.41,0,0,0,2.04,2.88,0,5.48,2.64,0,11.33,6.83,0,0,0,3.87,1.33
scotch,2710701,Scotch,0.0,0.0,0.0,0.0,0.0,0.04,0.0,0.0,0,0.0,0.0,0.22,0,0.0,0,0.5,0.31,0.08,0.06,0,0,0,0.0,0.32,0,0.0,0.36,0,2.33,0.0,0,0,0,0.04,0.0
seafood,2705784,Seafood dip,12.36,42.05,42.35,23.67,1.53,31.09,0.71,0.0,0,1.67,9.15,2.28,0,9.27,0,2.17,6.92,0.84,2.29,0,0,0,0.0,9.04,0,2.86,6.82,0,5.89,0.0,0,0,0,2.17,5.49
seed,2707585,"Sunflower seeds, NFS",38.6,63.85,26.1,0.0,8.76,0.13,39.64,0.0,0,1.56,5.38,21.11,0,174.0,0,8.83,18.92,44.0,47.29,0,0,0,0.0,92.8,0,30.71,48.09,0,203.33,0.0,0,0,0,18.09,10.02
semolina,169715,"Semolina, enriched",25.36,1.35,0.75,0.0,26.48,0.04,13.93,0.0,0,0.0,1.31,24.22,0,1.73,0,67.58,43.92,37.44,6.06,0,0,0,11.6,10.88,0,11.19,9.55,0,21.0,26.91,0,0,0,3.96,0.0
sesame,2707586,Sesame seeds,40.8,78.46,45.3,0.0,4.25,2.04,41.43,0.0,0,0.0,4.62,35.33,0,11.2,0,58.25,6.92,36.25,23.53,0,0,0,0.0,53.36,0,82.14,61.18,0,155.56,0.0,0,0,0,7.87,4.65
sesame oil,2710190,Sesame oil,0.0,128.21,71.0,0.0,0.0,0.0,0.0,0.0,0,0.0,0.0,0.0,0,9.33,0,0.0,0.0,0.0,0.0,0,0,0,0.0,0.0,0,0.0,0.0,0,0.0,0.0,0,0,0,0.0,0.04
shallot,170499,"Shallots, raw",5.0,0.13,0.09,0.0,6.11,0.52,11.43,0.0,0,8.89,2.85,6.67,0,0.27,0,5.0,1.54,1.25,20.29,0,0,0,5.8,4.8,0,5.0,3.64,0,9.78,12.7,0,0,0,7.11,2.05
shellfish,2706336,"Shellfish, NFS",31.0,8.55,6.15,46.67,1.78,15.13,0.71,0.0,0,0.0,4.92,2.94,0,16.07,0,5.58,3.08,13.63,10.12,0,0,0,0.0,21.84,0,6.19,10.09,0,23.0,0.0,0,0,0,2.79,16.45
sherry,2710692,"Wine, dessert, sweet",0.4,0.0,0.0,0.0,4.98,0.39,0.0,0.0,0,0.0,0.62,1.33,0,0.0,0,1.5,1.38,1.33,0.0,0,0,0,0.0,0.72,0,2.14,0.64,0,5.0,0.0,0,0,0,1.96,0.91
shrimp,175179,"Crustaceans, shrimp, raw",40.2,0.65,0.51,53.67,0.0,5.17,0.0,0.0,0,0.0,4.92,2.89,0,0.0,0,0.0,0.0,0.0,0.0,0,0,0,0.0,17.12,0,8.33,12.18,0,43.44,1.43,0,0,0,5.62,0.0
smoothie,2705513,"Fruit smoothie, NFS",4.64,1.41,2.94,1.33,4.36,1.22,3.93,0.0,0,10.56,6.15,1.06,0,1.07,0,3.5,7.69,1.94,4.18,0,0,0,0.0,5.36,0,3.33,3.36,0,3.78,0.0,0,0,0,3.7,2.15
snapper,2706283,"Fish, snapper",45.6,8.03,7.75,15.67,2.83,14.35,1.07,0.0,0,1.44,3.38,4.33,0,11.33,0,11.5,4.0,6.12,24.41,0,0,0,0.0,17.84,0,8.81,4.36,0,5.33,0.0,0,0,0,9.66,13.27
sorbet,2709314,Sorbet,1.58,0.06,0.0,0.0,9.85,0.57,1.79,0.0,0,5.78,0.23,0.94,0,0.0,0,0.5,0.69,0.51,0.76,0,0,0,0.0,0.24,0,0.48,0.36,0,0.78,0.0,0,0,0,0.6,0.73
sour cream,2705614,"Sour cream, regular",6.14,23.08,53.5,17.67,2.02,2.17,0.0,0.0,0,1.0,8.23,0.0,0,2.53,0,3.58,12.92,0.62,2.24,0,0,0,0.0,8.16,0,2.38,3.55,0,0.0,0.0,0,0,0,3.28,3.49
sourdough,2619201,SOURDOUGH,21.22,3.88,0.0,0.0,26.45,34.91,10.71,0.0,0,6.11,2.31,6.06,0,0.0,0,0.0,0.0,0.0,0.0,0,0,0,0.0,0.0,0,0.0,0.0,0,0.0,0.0,0,0,0,0.0,0.0
soy,2707433,Soy nuts,77.2,32.56,18.35,0.0,10.98,7.09,63.21,0.0,0,2.44,10.62,21.67,0,6.07,0,8.33,11.15,8.81,12.24,0,0,0,0.0,29.04,0,34.52,28.55,0,92.0,0.0,0,0,0,31.28,22.55
soy sauce,2707442,Soy sauce,16.28,0.73,0.36,0.0,1.79,238.7,2.86,0.0,0,0.0,2.54,8.06,0,0.0,0,2.75,12.69,13.75,8.71,0,0,0,0.0,13.28,0,17.62,7.91,0,4.78,0.0,0,0,0,9.26,3.33
sparkling wine,2710687,"Wine, sparkling",0.14,0.0,0.0,0.0,0.84,0.22,0.0,0.0,0,0.0,0.69,1.67,0,0.0,0,0.33,1.08,0.66,2.59,0,0,0,0.0,1.36,0,2.38,1.0,0,0.56,0.0,0,0,0,1.57,0.8
spice,2670922,"SPICE BLEND, SPICE",0.0,0.0,0.0,0.0,0.0,1260.87,0.0,0.0,0,0.0,7.69,0.0,0,0.0,0,0.0,0.0,0.0,0.0,0,0,0,0.0,0.0,0,0.0,0.0,0,0.0,0.0,0,0,0,10.64,0.0
spinach,168462,"Spinach, raw",5.72,0.5,0.32,0.0,1.32,3.43,7.86,0.0,0,31.22,7.62,15.06,0,13.53,0,6.5,14.54,4.52,11.47,0,0,0,1.3,3.92,0,18.81,4.82,0,14.44,39.0,0,0,0,11.87,3.51
spirit,171919,"Alcoholic beverage, distilled, all (gin, rum, vodka, whiskey) 86 proof",0.0,0.0,0.0,0.0,0.04,0.04,0.0,0.0,0,0.0,0.0,0.22,0,0.0,0,0.5,0.31,0.08,0.06,0,0,0,0.0,0.32,0,0.0,0.36,0,2.33,0.78,0,0,0,0.04,0.0
squash,2709693,"Winter squash, raw",2.0,0.13,0.26,0.0,2.36,0.04,1.79,0.0,0,10.0,1.62,4.44,0,7.07,0,4.17,8.46,3.75,3.59,0,0,0,0.0,3.52,0,2.86,2.91,0,14.11,0.0,0,0,0,7.23,1.49
squid,174223,"Mollusks, squid, mixed species, raw",31.16,1.77,1.79,77.67,1.12,1.91,0.0,0.0,0,5.22,2.46,3.78,0,8.0,0,1.67,31.69,13.59,3.29,0,0,0,10.0,17.68,0,7.86,13.91,0,210.11,1.52,0,0,0,5.23,11.82
steak,2705824,"Beef, steak, NFS",54.0,16.54,26.45,27.67,0.0,16.04,0.0,0.0,0,0.0,1.23,14.67,0,1.73,0,5.92,19.62,41.81,38.53,0,0,0,0.0,17.68,0,5.0,46.18,0,8.11,0.0,0,0,0,6.83,14.07
stock,172883,"Soup, stock, beef, home-prepared",3.94,0.12,0.18,0.0,0.44,8.61,0.0,0.0,0,0.0,0.62,1.5,0,0.07,0,2.75,7.0,5.45,3.24,0,0,0,0.0,2.48,0,1.67,1.55,0,5.56,0.0,0,0,0,3.94,0.87
strawberry,167762,"Strawberries, raw",1.34,0.38,0.07,0.0,2.79,0.04,7.14,0.0,0,65.33,1.23,2.28,0,1.93,0,2.0,1.69,2.41,2.76,0,0,0,2.5,1.92,0,3.1,1.27,0,5.33,16.78,0,0,0,3.26,1.04
sugar snap pea,170010,"Peas, edible-podded, raw",5.6,0.26,0.19,0.0,2.75,0.17,9.29,0.0,0,66.67,3.31,11.56,0,2.6,0,12.5,6.15,3.75,9.41,0,0,0,15.0,4.24,0,5.71,2.45,0,8.78,10.61,0,0,0,4.26,3.16
sweet potato,2709697,"Sweet potato, NFS",3.16,5.81,5.55,1.0,6.22,7.0,10.71,0.0,0,13.78,1.69,2.22,0,5.87,0,3.33,4.38,2.54,8.06,0,0,0,0.0,2.96,0,4.52,3.09,0,20.56,0.0,0,0,0,10.23,2.27
swiss cheese,2705735,"Cheese, Swiss",54.0,39.74,91.0,31.0,0.52,8.04,0.0,0.0,0,0.0,68.46,0.72,0,4.0,0,0.92,23.31,0.38,4.12,0,0,0,0.0,45.92,0,7.86,39.73,0,5.22,0.0,0,0,0,1.51,2.51
swordfish,2706301,"Fish, swordfish",43.8,15.13,14.7,25.67,2.83,15.13,1.07,0.0,0,0.0,1.15,5.44,0,18.73,0,13.58,7.85,55.06,32.35,0,0,0,0.0,22.64,0,8.1,7.18,0,6.56,0.0,0,0,0,9.68,13.27
tamarind,2709269,Tamarind,5.6,0.77,1.36,0.0,22.73,1.22,18.21,0.0,0,3.89,5.69,15.56,0,0.67,0,35.67,11.69,12.12,3.88,0,0,0,0.0,9.04,0,21.9,0.91,0,9.56,0.0,0,0,0,13.36,1.56
tangerine,2709175,"Tangerine, raw",1.62,0.4,0.19,0.0,4.84,0.09,6.43,0.0,0,29.67,2.85,0.83,0,1.33,0,4.83,2.77,2.35,4.59,0,0,0,0.0,1.6,0,2.86,0.64,0,4.67,0.0,0,0,0,3.53,1.85
tapioca,169717,"Tapioca, pearl, dry",0.38,0.03,0.03,0.0,32.25,0.04,3.21,0.0,0,0.0,1.54,8.78,0,0.0,0,0.33,0.0,0.0,0.47,0,0,0,2.7,0.56,0,0.24,1.09,0,2.22,4.78,0,0,0,0.23,0.22
tarragon,170937,"Spices, tarragon, dried",45.54,9.28,9.4,0.0,18.26,2.7,26.43,0.0,0,55.56,87.62,179.44,0,0.0,0,20.92,103.0,55.94,141.76,0,0,0,0.0,25.04,0,82.62,35.45,0,75.22,346.39,0,0,0,64.26,0.0
tart,175069,"Tart, breakfast, low fat",7.98,7.68,6.97,0.0,27.93,15.7,5.36,0.0,0,4.22,3.38,19.0,0,3.53,0,23.75,42.23,23.75,22.35,0,0,0,0.0,7.44,0,10.48,2.55,0,8.11,0.0,0,0,0,1.4,1.53
tea,2710502,"Tea, hot, herbal",0.0,0.0,0.01,0.0,0.07,0.04,0.0,0.0,0,0.0,0.15,0.44,0,0.0,0,0.83,0.31,0.0,0.0,0,0,0,0.0,0.0,0,0.24,0.36,0,1.67,0.0,0,0,0,0.19,0.07
tequila,2710705,Tequila,0.0,0.0,0.0,0.0,0.0,0.04,0.0,0.0,0,0.0,0.0,0.22,0,0.0,0,0.5,0.31,0.08,0.06,0,0,0,0.0,0.32,0,0.0,0.36,0,2.33,0.0,0,0,0,0.04,0.0
thyme,173470,"Thyme, fresh",11.12,2.15,2.34,0.0,8.89,0.39,50.0,0.0,0,177.89,31.15,96.94,0,0.0,0,4.0,36.23,11.4,20.47,0,0,0,8.18,8.48,0,38.1,16.45,0,61.67,74.74,0,0,0,12.96,0.0
tilapia,175176,"Fish, tilapia, raw",40.16,2.18,2.92,16.67,0.0,2.26,0.0,0.0,0,0.0,0.77,3.11,0,2.67,0,3.42,4.85,24.39,9.53,0,0,0,9.74,13.6,0,6.43,3.0,0,8.33,1.61,0,0,0,6.43,7.73
tofu,174292,"MORI-NU, Tofu, silken, soft",9.6,3.46,1.78,0.0,1.05,0.22,0.36,0.0,0,0.0,2.38,4.56,0,0.0,0,8.33,3.08,1.88,0.65,0,0,0,0.0,4.96,0,6.9,4.73,0,23.0,0.0,0,0,0,3.83,0.0
tomatillo,168566,"Tomatillos, raw",1.92,1.31,0.7,0.0,2.12,0.04,6.79,0.0,0,13.0,0.54,3.44,0,2.53,0,3.67,2.69,11.56,3.29,0,0,0,3.0,3.12,0,4.76,2.0,0,8.78,6.65,0,0,0,5.7,1.38
tomato,2709719,"Tomatoes, raw",1.64,0.4,0.14,0.0,1.47,0.17,4.29,0.0,0,18.11,0.77,1.22,0,3.87,0,3.83,1.38,3.73,4.59,0,0,0,0.0,1.84,0,2.38,1.36,0,5.67,0.0,0,0,0,4.81,1.27
tortillas,2707822,"Tortilla, NFS",13.9,6.95,8.45,0.0,17.09,16.17,17.5,0.0,0,0.0,8.77,13.5,0,0.93,0,24.83,13.38,18.5,8.18,0,0,0,0.0,20.8,0,11.19,8.36,0,14.33,0.0,0,0,0,3.32,1.93
triple sec,2710623,Liqueur,0.0,0.14,0.0,0.0,12.07,0.04,0.0,0.0,0,0.0,0.0,0.22,0,0.0,0,0.33,0.69,0.05,0.06,0,0,0,0.0,0.24,0,0.0,0.27,0,1.78,0.0,0,0,0,0.04,0.0
tropical fruit,2579687,TROPICAL FRUIT,1.42,0.0,0.0,0.0,5.2,0.0,7.5,0.0,0,42.89,0.0,1.44,0,0.0,0,0.0,0.0,0.0,0.0,0,0,0,0.0,0.0,0,0.0,0.0,0,0.0,0.0,0,0,0,4.11,0.0
trout,175154,"Fish, trout, rainbow, wild, raw",40.96,4.44,3.61,19.67,0.0,1.35,0.0,0.0,0,2.67,5.15,3.89,0,0.0,0,10.25,8.08,33.65,23.88,0,0,0,18.56,21.68,0,7.38,9.82,0,12.11,6.87,0,0,0,10.23,0.0
tuna,173706,"Fish, tuna, fresh, bluefin, raw",46.66,6.28,6.28,12.67,0.0,1.7,0.0,0.0,0,0.0,0.62,5.67,0,6.67,0,20.08,19.31,54.09,26.76,0,0,0,21.08,20.32,0,11.9,5.45,0,9.56,0.65,0,0,0,5.36,11.82
turkey,2706104,"Turkey, NFS",57.6,2.64,2.94,25.33,0.0,20.3,0.0,0.0,0,0.0,0.85,3.61,0,0.4,0,3.0,15.69,73.12,44.88,0,0,0,0.0,18.96,0,7.38,14.82,0,6.89,0.0,0,0,0,5.26,14.2
turnip,2709809,"Turnip, raw",1.8,0.13,0.05,0.0,2.34,2.91,6.43,0.0,0,23.33,2.31,1.67,0,0.2,0,3.33,2.31,2.5,5.29,0,0,0,0.0,2.16,0,2.62,2.45,0,9.44,0.0,0,0,0,4.06,2.02
vanilla,173471,Vanilla extract,0.12,0.08,0.05,0.0,4.6,0.39,0.0,0.0,0,0.0,0.85,0.67,0,0.0,0,0.92,7.31,2.66,1.53,0,0,0,0.7,0.48,0,2.86,1.0,0,8.0,10.0,0,0,0,3.15,0.0
veal,175290,"Veal, ground, raw",37.16,16.74,25.54,16.33,0.0,4.48,0.0,0.0,0,0.0,0.92,7.61,0,3.27,0,9.42,21.54,34.5,26.24,0,0,0,13.4,15.76,0,7.38,22.82,0,9.78,0.35,0,0,0,4.21,17.55
venison,2705913,"Venison, NFS",56.2,6.74,13.25,29.33,0.0,16.26,0.0,0.0,0,0.0,0.77,20.5,0,4.27,0,32.33,32.08,62.06,35.71,0,0,0,0.0,20.0,0,6.43,39.82,0,18.0,0.0,0,0,0,8.04,19.45
vermouth,175112,"Alcoholic beverage, wine, dessert, dry",0.4,0.0,0.0,0.0,4.24,0.39,0.0,0.0,0,0.0,0.62,1.33,0,0.0,0,1.5,1.38,1.33,0.0,0,0,0,0.64,0.72,0,2.14,0.64,0,5.0,5.17,0,0,0,1.96,0.0
vinegar,172237,"Vinegar, distilled",0.0,0.0,0.0,0.0,0.01,0.09,0.0,0.0,0,0.0,0.46,0.17,0,0.0,0,0.0,0.0,0.0,0.0,0,0,0,0.0,0.32,0,0.24,0.09,0,0.67,2.39,0,0,0,0.04,0.0
vodka,174818,"Alcoholic beverage, distilled, vodka, 80 proof",0.0,0.0,0.0,0.0,0.0,0.04,0.0,0.0,0,0.0,0.0,0.06,0,0.0,0,0.42,0.54,0.0,0.0,0,0,0,0.0,0.4,0,0.0,0.0,0,1.11,0.0,0,0,0,0.02,0.0
waffle,2708312,"Waffle, NFS",14.84,12.17,11.4,4.33,17.6,20.0,9.29,0.0,0,0.0,23.0,36.61,0,4.53,0,46.92,49.85,49.62,65.29,0,0,0,0.0,35.52,0,5.24,4.36,0,4.11,0.0,0,0,0,2.94,5.11
walnut,170187,"Nuts, walnuts, english",30.46,83.6,30.63,0.0,4.99,0.09,23.93,0.0,0,1.44,7.54,16.17,0,4.67,0,28.42,11.54,7.03,31.59,0,0,0,11.4,27.68,0,37.62,28.09,0,176.22,148.43,0,0,0,9.38,7.13
wasabi,171831,Wasabi,4.46,13.97,10.15,0.0,16.77,147.39,21.79,0.0,0,0.0,3.15,2.78,0,26.07,0,4.17,5.38,1.0,2.94,0,0,0,0.0,2.08,0,5.0,5.55,0,6.11,5.96,0,0,0,3.87,0.42
watercress,170068,"Watercress, raw",4.6,0.13,0.14,0.0,0.47,1.78,1.79,0.0,0,47.78,9.23,1.11,0,6.67,0,7.5,9.23,1.25,7.59,0,0,0,6.2,4.8,0,5.0,1.0,0,8.56,10.61,0,0,0,7.02,1.64
watermelon,167765,"Watermelon, raw",1.22,0.19,0.08,0.0,2.75,0.04,1.43,0.0,0,9.0,0.54,1.33,0,0.33,0,2.75,1.62,1.11,2.65,0,0,0,4.42,0.88,0,2.38,0.91,0,4.67,1.65,0,0,0,2.38,0.75
whiskey,2710700,Whiskey,0.0,0.0,0.0,0.0,0.0,0.04,0.0,0.0,0,0.0,0.0,0.22,0,0.0,0,0.5,0.31,0.08,0.06,0,0,0,0.0,0.32,0,0.0,0.36,0,2.33,0.0,0,0,0,0.04,0.0
white wine,2710689,"Wine, white",0.14,0.0,0.0,0.0,0.95,0.22,0.0,0.0,0,0.0,0.69,1.5,0,0.0,0,0.42,1.15,0.68,2.94,0,0,0,0.0,1.44,0,2.38,1.09,0,0.44,0.0,0,0,0,1.51,0.78
whole wheat,168944,"Wheat flour, whole-grain, soft wheat",19.22,2.5,2.15,0.0,27.08,0.13,46.79,0.0,0,0.0,2.54,20.61,0,3.53,0,24.75,14.46,33.42,11.24,0,0,0,20.22,25.84,0,27.86,26.91,0,52.78,147.78,0,0,0,8.38,5.67
wild rice,169726,"Wild rice, raw",29.46,1.38,0.78,0.0,27.24,0.3,22.14,0.0,0,0.0,1.62,10.89,0,5.47,0,9.58,20.15,42.08,23.0,0,0,0,21.48,34.64,0,42.14,54.18,0,58.22,57.78,0,0,0,9.09,6.36
wine,2710688,"Wine, red",0.14,0.0,0.0,0.0,0.95,0.17,0.0,0.0,0,0.0,0.62,2.56,0,0.0,0,0.42,2.38,1.4,3.35,0,0,0,0.0,1.84,0,2.86,1.27,0,1.22,0.0,0,0,0,2.7,1.04
yellow squash,2709807,"Summer squash, yellow, raw",2.02,0.35,0.46,0.0,1.41,0.09,3.57,0.0,0,21.44,1.62,2.44,0,0.87,0,4.25,3.15,2.8,6.12,0,0,0,0.0,2.56,0,4.76,2.64,0,10.22,0.0,0,0,0,4.72,1.29
yogurt,2705414,"Yogurt, NFS",13.34,3.68,8.15,3.67,3.71,2.13,0.36,0.0,0,1.11,10.46,0.39,0,0.2,0,4.0,16.92,1.03,2.59,0,0,0,0.0,10.08,0,3.1,5.64,0,2.0,0.0,0,0,0,3.81,2.69
yuca,2709565,Yuca fries,2.48,17.82,9.5,0.0,12.62,6.7,5.71,0.0,0,16.67,1.15,1.5,0,18.47,0,5.25,3.23,4.62,4.47,0,0,0,0.0,2.0,0,4.52,2.82,0,10.11,0.0,0,0,0,5.26,3.93
zucchini,168565,"Squash, zucchini, baby, raw",5.42,0.51,0.41,0.0,1.13,0.13,3.93,0.0,0,37.89,1.62,4.39,0,0.0,0,3.5,2.77,4.41,8.35,0,0,0,7.34,7.44,0,7.86,7.55,0,10.78,8.52,0,0,0,9.77,0.0
